taxonKey,name
5285071,Pinus scopulorum
3014366,Crataegus flabellata
2775780,Yucca elata verdiensis
5386903,Tragopogon orientalis
2775738,Yucca torreyi
5641749,Primula clevelandii patula
6368645,Prunus virginiana demissa
6402842,Physalis longifolia longifolia
9711246,Ceanothus foliosus viejasensis
3084765,Claytonia nevadensis
7530271,Ceanothus gloriosus gloriosus
2856994,Allium douglasii
10163590,Phacelia dubia georgiana
2775581,Yucca harrimaniae gilbertiana
2889033,Rumex pallidus
7296287,Viola rostrata rostrata
3001372,Malus sargentii
8097265,Oxalis versicolor
2769086,Camassia quamash intermedia
7669068,Foeniculum vulgare azoricum
5341818,Physalis longifolia
2753284,Lilium catesbaei
4220417,Cirsium occidentale lucianum
5384620,Stellaria longipes
7226078,Lamium purpureum purpureum
9072099,Honckenya peploides robusta
5341808,Physalis missouriensis
7226050,Viola canadensis canadensis
2878264,Quercus × cravenensis
2989820,Rubus baileyanus
2765260,Tradescantia roseolens
3697714,Nuphar × rubrodisca
2879170,Quercus × stelloides
3014902,Crataegus × fretalis
2879637,Quercus viminea
5295096,Smilax jamesii
2877708,Quercus laurifolia
2770047,Polygonatum biflorum commutatum
5640458,Primula frenchii
3034864,Sanicula maritima
7222553,Cirsium douglasii douglasii
3083531,Suaeda rolandii
8362574,Cirsium longistylum
3015588,Crataegus coccinea pringlei
2775694,Yucca angustissima toftiae
5410486,Campanula rapunculoides cordifolia
3084735,Claytonia megarhiza
2775703,Yucca constricta
2855927,Allium atrorubens cristatum
7736011,Claytonia perfoliata
2888597,Viburnum sieboldii
2999961,Rubus deliciosus
4271366,Sanicula crassicaulis crassicaulis
2753201,Lilium pardalinum wigginsii
10030111,Ceanothus × regius
2878206,Quercus tomentella
7291543,Rumex crispus crispus
7096645,Celtis laevigata laevigata
2742276,Trillium persistens
6305858,Cirsium arvense arvense
8083070,Ribes tularense
9479365,Claytonia peirsonii
2856670,Allium passeyi
5663767,Viola × indivisa
2888622,Viburnum plicatum
4037007,Persicaria amphibia emersa
2879924,Quercus durata durata
5331324,Viola purpurea
7296321,Viola riviniana
2879314,Quercus × hawkinsiae
6370925,Cannabis sativa sativa
7258954,Rubus idaeus idaeus
7222547,Cirsium remotifolium remotifolium
2878545,Quercus myrtifolia
7069110,Quercus wislizeni wislizeni
3113695,Cirsium quercetorum
5295260,Smilax melastomifolia
8960288,Typha × glauca
3016197,Crataegus dodgei
10046939,Ceanothus impressus nipomensis
7227509,Trillium pusillum pusillum
5386909,Tragopogon miscellus
7225596,Raphanus raphanistrum raphanistrum
2993662,Rubus aboriginum
2878032,Quercus × jackiana
3767911,Acer saccharum schneckii
2753090,Lilium candidum
2888948,Rumex alpinus
7707078,Rhus microphylla
2775545,Yucca louisianensis
2753146,Lilium martagon
5662245,Mertensia paniculata borealis
3023951,Amelanchier nantucketensis
2998356,Rubus enslenii
5331325,Viola biflora
6369131,Rubus allegheniensis allegheniensis
6423485,Lomatium foeniculaceum fimbriatum
7403263,Lactuca sativa
3023903,Amelanchier humilis
3856436,Viburnum davidii
3054343,Carya × laneyi
2889320,Persicaria virginiana
3039366,Ceanothus prostratus
2772094,Muscari botryoides
5372375,Vitis acerifolia
7226077,Prunella vulgaris vulgaris
2994134,Rubus rolfei
4222728,Cirsium fontinale campylon
5664226,Viola purpurea venosa
5341421,Monarda stanfieldii
9638143,Colocasia esculenta esculenta
6305541,Cirsium vulgare vulgare
4194918,Ribes oxyacanthoides setosum
5374656,Barbarea vulgaris arcuata
3023878,Amelanchier ovalis
5331199,Viola adunca
8086561,Quercus velutina
5331355,Viola palustris
2889304,Persicaria capitata
2991752,Rubus ursinus macropetalus
3013404,Crataegus crus-galli
6444227,Cirsium occidentale occidentale
5384652,Stellaria crispa
2882833,Vaccinium myrtillus
2926558,Glechoma hederacea micrantha
4220437,Cirsium occidentale candidissimum
3014860,Crataegus coccinioides
6063915,Cirsium tioganum
4194316,Ribes oxyacanthoides cognatum
5284802,Picea mariana
2878550,Quercus hypoleucoides
2878156,Quercus × alvordiana
7947023,Ribes amarum
8152187,Muscari armeniacum
8078311,Pediomelum hypogaeum scaposum
7096614,Viburnum opulus opulus
2878187,Quercus pungens
8993372,Erythronium shastense
2927372,Pycnanthemum clinopodioides
6435054,Allium sativum sativum
4270222,Pontederia cordata cordata
3014366,Crataegus flabellata flabellata
10761048,Claytonia crawfordii
6709300,Rumex acetosella acetosella
2888601,Viburnum lantanoides
2889206,Persicaria bicornis
3039365,Ceanothus jepsonii
2974832,Vicia faba
3039374,Ceanothus arboreus
7219278,Ribes divaricatum divaricatum
7125671,Claytonia multiscapa
7641050,Tilia americana caroliniana
2878552,Quercus × caduca
2986204,Ribes marshallii
2995969,Rubus groutianus
2857454,Allium yosemitense
4271176,Rumex utahensis
2878268,Quercus gambelii
3039308,Ceanothus crassifolius
5285140,Pinus glabra
5331202,Viola selkirkii
8041842,Crataegus phaenopyrum
9967981,Wisteria frutescens macrostachya
6620109,Prunus virginiana virginiana
5331290,Viola appalachiensis
2879840,Quercus × townei
2753336,Lilium longiflorum
3014175,Crataegus brainerdii
10716260,Stellaria sanjuanensis
3642205,Daucus carota azoricus
2880791,Quercus agrifolia
2742425,Trillium nivale
3039317,Ceanothus cordulatus
5640934,Primula latiloba
2856249,Allium abramsii
5658529,Vitis cinerea floridana
7227542,Lilium humboldtii humboldtii
2857573,Allium fraseri
6391007,Persicaria posumbu
6376465,Gleditsia triacanthos inermis
2878236,Quercus × subconvexa
2878126,Quercus parvula tamalpaisensis
7881028,Cirsium centaureae
7821640,Vaccinium uliginosum microphyllum
6306689,Cardamine impatiens impatiens
3639590,Sanicula canadensis grandis
2986097,Ribes rubrum
3083541,Suaeda maritima
5331223,Viola pinetorum
2752838,Erythronium mesochoreum
3012319,Sorbus sitchensis
3039357,Ceanothus hearstiorum
5285604,Pinus halepensis
7277276,Ficaria verna verna
3112941,Cirsium griseum
5331289,Viola retusa
5640826,Primula jeffreyi jeffreyi
4194230,Ribes oxyacanthoides irriguum
2879051,Quercus × mutabilis
2742335,Trillium undulatum
5295452,Smilax lasioneuron
2882931,Vaccinium calycinum
7461212,Oxalis bowiei
4217232,Petasites frigidus vitifolius
6449222,Ceanothus prostratus prostratus
5285740,Pinus caribaea
7306840,Clinopodium vulgare vulgare
5331388,Viola × sublanceolata
2716248,Cyperus esculentus macrostachyus
5331304,Viola tripartita
3015389,Crataegus uniflora
3939230,Sphaeralcea coccinea elata
5581279,Physalis longifolia subglabrata
5331282,Viola brittoniana
2891645,Oxalis suksdorfii
7258869,Perideridia gairdneri gairdneri
6309810,Vicia americana minor
2765302,Tradescantia subaspera montana
11288215,Colocasia esculenta illustris
6369877,Viburnum carolinianum
5285324,Pinus echinata
2878626,Quercus laevis
5384673,Stellaria dicranoides
7273797,Ceanothus americanus americanus
2975083,Vicia tetrasperma
5384614,Stellaria nitens
2880522,Quercus hinckleyi
2765210,Tradescantia edwardsiana
7226093,Origanum vulgare vulgare
2857976,Allium multibulbosum
2881678,Quercus × beadlei
3014949,Crataegus viburnifolia
5295110,Smilax tamnoides
2986198,Ribes roezlii
3083536,Suaeda nigra
2752898,Erythronium multiscapideum
2888990,Rumex salicifolius
2856037,Allium ampeloprasum
7936270,Vaccinium shastense
7226842,Zizania aquatica aquatica
6377387,Malvaviscus arboreus arboreus
2879276,Quercus ellipsoidalis
2873771,Acorus americanus
5341478,Lycopus europaeus
8073365,Vaccinium shastense nevadense
5285527,Pinus leiophylla chihuahuana
5384606,Stellaria alsine
2927355,Pycnanthemum montanum
7222052,Vitis rotundifolia rotundifolia
3662331,Rhus virens choriophylla
7296370,Viola palustris palustris
5331370,Viola palmata
2753428,Lilium michauxii
3855464,Viburnum nitidum
5285503,Pinus californiarum
2888585,Viburnum tinus
3112858,Cirsium grahamii
2977323,Wisteria floribunda
2857743,Allium marvinii
10728948,Allium keeverae
3698013,Allium bigelovii
3660013,Rhus aromatica simplicifolia
2753379,Lilium iridollae
3084768,Claytonia umbellata
7258891,Lathyrus japonicus japonicus
2888975,Rumex violascens
2856194,Allium bolanderi
8380066,Caltha palustris radicans
3013495,Crataegus austromontana
7598605,Cercis canadensis texensis
2986124,Ribes oxyacanthoides
2857894,Allium amplectens
8655746,Viburnum carlcephalum
3112931,Cirsium perplexans
2775677,Yucca recurvifolia
2891719,Oxalis frutescens
11464819,Cirsium culebraense
2856793,Allium howellii clokeyi
5331332,Viola sempervirens
2927189,Mentha pulegium
4274897,Quercus agrifolia agrifolia
2765250,Tradescantia reverchonii
3112906,Cirsium canescens
5659023,Vitis rotundifolia munsoniana
9254522,Trillium tennesseense
2889028,Rumex giganteus
2997648,Rubus pugnax
2977310,Wisteria frutescens
2926921,Clinopodium brownei
2975188,Vicia tenuifolia
5383950,Salicornia rubra
2880580,Quercus cerris
2882591,Arctostaphylos uva-ursi leobreweri
4219554,Cirsium remotifolium rivulare
7648072,Prunus pensylvanica pensylvanica
2753524,Lilium columbianum
5331273,Viola renifolia
2765272,Tradescantia virginiana
3875193,Ceanothus cuneatus ramulosus
2888615,Viburnum lantana
2769105,Camassia quamash breviflora
5605437,Monarda fistulosa menthifolia
3715292,Hypericum ascyron pyramidatum
6369034,Rubus arcticus stellatus
3016092,Crataegus castlegarensis
7219969,Crataegus chrysocarpa chrysocarpa
7288869,Portulaca oleracea oleracea
2752815,Erythronium americanum
2974901,Vicia grandiflora
3112670,Cirsium wheeleri
3039393,Ceanothus maritimus
5581432,Physalis cinerascens spathulifolia
2881630,Quercus marilandica marilandica
10527561,Ceanothus arcuatus
4022126,Claytonia exigua glauca
7066689,Cirsium scariosum scariosum
2879547,Quercus intricata
2873796,Acorus calamus angustatus
3016153,Crataegus pisifera
5663752,Viola epipsiloides
7282635,Cylindropuntia imbricata imbricata
3113056,Cirsium rhothophilum
2742422,Trillium flexipes
2879928,Quercus durata gabrielensis
3039379,Ceanothus thyrsiflorus
3034853,Sanicula arctopoides
2927339,Pycnanthemum curvipes
3001596,Malus ioensis
2991951,Rubus fraxinifolius
5664111,Viola canadensis scopulorum
2880125,Quercus × deamii
5652270,Fallopia cristata
5384644,Stellaria alaskana
5358798,Trifolium pratense sativum
5374657,Barbarea vulgaris vulgaris
6391461,Fallopia convolvulus
7228120,Maianthemum racemosum racemosum
6620105,Prunus serotina serotina
7225626,Hesperis matronalis matronalis
2857370,Allium cratericola
2769078,Camassia cusickii
6442184,Ribes oxyacanthoides hendersonii
2857754,Allium lacunosum micranthum
11374076,Sonchus asper asper
2986101,Ribes malvaceum
5285602,Pinus serotina
7227512,Trillium ovatum ovatum
2752896,Erythronium rostratum
2992089,Rubus multifer
3014896,Crataegus macrosperma
3640885,Eryngium yuccifolium synchaetum
2974912,Vicia floridana
3113340,Cirsium tracyi
7226601,Betula papyrifera papyrifera
2857880,Allium gooddingii
5341775,Physalis lagascae
2856261,Allium flavum
5652201,Fallopia scandens
5341471,Lycopus amplectens
3034832,Sanicula arguta
6405821,Plantago maritima juncoides
4023382,Claytonia megarhiza nivalis
5331322,Viola egglestonii
7344611,Rumex obtusifolius obtusifolius
3039319,Ceanothus americanus pitcheri
5285385,Pinus mugo
5343644,Astragalus crassicarpus cavus
9196003,Viola × cordifolia
5331225,Viola rostrata
3014468,Crataegus marshallii
5285551,Pinus flexilis
3140346,Lactuca virosa
3042312,Hesperis matronalis candida
2879053,Quercus × bushii
4274753,Phlox pilosa deamii
7289067,Athyrium filix-femina filix-femina
7095863,Ribes malvaceum malvaceum
5373368,Rapistrum rugosum
2877975,Quercus welshii
3039343,Ceanothus papillosus
10356434,Ceanothus ferrisiae
7222040,Comandra umbellata umbellata
4274472,Cirsium hydrophilum hydrophilum
2991959,Rubus uniformis
7066712,Carduus nutans nutans
2856837,Allium fimbriatum mohavense
4270333,Erythronium grandiflorum grandiflorum
2775497,Yucca glauca
6300538,Petasites frigidus palmatus
5285768,Pinus clausa
5372416,Vitis shuttleworthii
3084766,Claytonia saxosa
5372395,Vitis doaniana
4223486,Cirsium cymosum canovirens
11221717,Xanthium strumarium glabratum
3014082,Crataegus ambigua
7296405,Viola mandshurica
7258952,Rubus ulmifolius ulmifolius
3084745,Claytonia virginica
2765321,Tradescantia gigantea
5331303,Viola macloskeyi
7703405,Acer saccharum saccharum
7070874,Erythronium americanum americanum
8344892,Vaccinium microcarpum
2927118,Clinopodium acinos
4159346,Celtis laevigata texana
2855968,Allium carinatum
2974855,Vicia leucophaea
3013446,Crataegus schizophylla
8833381,Yucca filamentosa concava
3000174,Rubus wheeleri
3876275,Ceanothus perplexans
5372407,Vitis girdiana
2878124,Quercus parvula
2990801,Rubus argutus
2880074,Quercus × bebbiana
3048888,Cakile edentula harperi
4219701,Cirsium pulcherrimum aridum
7901010,Rumex obtusifolius sylvestris
2753278,Lilium superbum
6377193,Hibiscus lasiocarpos
2882818,Vaccinium uliginosum occidentale
2752847,Erythronium helenae
3013570,Crataegus macracantha
4032742,Rumex lacustris
3810234,Honckenya peploides diffusa
7127770,Primula clevelandii
2889198,Persicaria pensylvanica
2992071,Rubus flagellaris
5331351,Viola douglasii
2882960,Vaccinium crassifolium
5664750,Viola lobata integrifolia
2996929,Rubus ulmifolius
5331380,Viola stoneana
2891716,Oxalis laxa
2855825,Allium moly
2857790,Allium constrictum
3856819,Viburnum plicatum formosanum
5295658,Smilax pumila
2742194,Trillium cernuum
7779378,Sorbus americana
3113239,Cirsium palustre
2753413,Lilium humboldtii ocellatum
2742388,Trillium stamineum
2764307,Commelina communis ludens
7291676,Rumex sanguineus sanguineus
3113381,Cirsium eatonii
2989717,Rubus heterophyllus
7855454,Crataegus flava
3112861,Cirsium arizonicum
8215820,Viola primulifolia
2986172,Ribes viscosissimum
3034843,Sanicula bipinnata
7848132,Malus toringo
3000069,Rubus × wisconsinensis
5581362,Physalis greenei
4230297,Galinsoga parviflora semicalva
7230719,Picea abies abies
2742283,Trillium grandiflorum
2856154,Allium acuminatum
2742260,Trillium recurvatum
2878190,Quercus ilicifolia
8491099,Lilium humboldtii
8311921,Stellaria apetala
8264266,Salicornia utahensis
2992616,Rubus alumnus
3094939,Onopordum tauricum
3044158,Descurainia pinnata glabra
3029929,Fragaria virginiana grayana
9401580,Cirsium scariosum loncholepis
7271665,Crataegus succulenta succulenta
2990646,Rubus ursinus
2879488,Quercus sinuata
2997456,Rubus lasiococcus
2742386,Trillium kurabayashii
2986192,Ribes nigrum
5331394,Viola purpurea aurea
5665184,Viola praemorsa linguifolia
2775713,Yucca cernua
7318087,Oxalis megalorrhiza
3015080,Crataegus brazoria
3113782,Cirsium pulcherrimum
2996922,Rubus bartonianus
2927174,Mentha requienii
2765251,Tradescantia buckleyi
7225009,Robinia hispida hispida
7226623,Quercus shumardii shumardii
7258849,Cyperus esculentus esculentus
5641741,Primula hendersonii
2753213,Lilium rubescens
5373235,Cochlearia groenlandica
5331302,Viola frank-smithii
7273783,Ceanothus thyrsiflorus thyrsiflorus
7258961,Amelanchier alnifolia alnifolia
3112880,Cirsium joannae
7331194,Yucca aloifolia aloifolia
3014393,Crataegus brachyacantha
3042720,Brassica rapa sylvestris
7460849,Oxalis pes-caprae sericea
7230720,Picea engelmannii engelmannii
3034834,Sanicula canadensis
7222534,Cirsium horridulum horridulum
2775690,Yucca angustissima
8017382,Monarda luteola
10618671,Ceanothus masonii
2878419,Quercus × rudkinii
5341814,Physalis arenicola
7598868,Viola × williamsii
2975269,Vicia acutifolia
2994521,Rubus steelei
8113655,Ribes missouriense
5285165,Pinus pinea
3054348,Carya floridana
2752891,Erythronium californicum
6449674,Sambucus racemosa arborescens
3132570,Galinsoga parviflora
3767958,Acer saccharum rugelii
4023039,Claytonia parviflora grandiflora
5331314,Viola × bissellii
10770573,Brassica rapa campestris
3039329,Ceanothus leucodermis
2992911,Rubus neomexicanus
5384501,Stellaria aquatica
5383931,Salicornia ambigua
2742209,Trillium pusillum
2879562,Quercus × walteriana
5341417,Monarda viridissima
7227635,Allium canadense canadense
9327462,Allium vineale compactum
5658537,Vitis cinerea baileyana
5384657,Stellaria irrigua
3014045,Crataegus harbisonii
3014793,Crataegus canadensis
2765322,Tradescantia occidentalis
2752799,Erythronium montanum
3113051,Cirsium undulatum
7649603,Fragaria cascadensis
3083530,Suaeda esteroa
5384658,Stellaria longifolia
2742415,Trillium ovatum stenosepalum
5331213,Viola viarum
11007246,Clinopodium menthifolium
8974899,Mentha × rotundifolia
7224232,Lomatium foeniculaceum foeniculaceum
2993721,Rubus leviculus
9096611,Rumex sibiricus
2856719,Allium campanulatum
5341776,Physalis caudella
11177994,Vaccinium × brunoense
3023872,Amelanchier obovalis
8016426,Physalis virginiana virginiana
4033932,Persicaria odorata
3113617,Cirsium crassicaule
3034838,Sanicula tuberosa
2856317,Allium perdulce
2856693,Allium parvum
7790614,Crataegus coccinea
4220433,Cirsium occidentale compactum
2888618,Viburnum molle
6363436,Stellaria neglecta
2878463,Quercus × caesariensis
7390250,Viola patrinii
7970629,Lathyrus venosus arkansanus
2742343,Trillium erectum album
2879752,Quercus gravesii
3001077,Malus hupehensis
4243109,Liatris punctata mucronata
2879358,Quercus grisea
5331212,Viola clauseniana
8055626,Viola glaberrima
7990464,Acer rubrum rubrum
7402863,Cirsium hesperium
5341401,Monarda lindheimeri
7226053,Viola purpurea purpurea
5331267,Viola utahensis
7227458,Tradescantia subaspera subaspera
5663492,Viola × fallacissima
3190539,Rhus virens
2775587,Yucca arkansana
2927208,Mentha aquatica
2765359,Tradescantia zebrina
3013545,Crataegus collina
2742264,Trillium recurvatum luteum
5665013,Viola primulifolia occidentalis
6369834,Viburnum venosum
2857697,Allium cepa
3015572,Crataegus coccinea coccinea
2772145,Muscari commutatum
3114557,Cirsium occidentale
5331230,Viola pedunculata
2891648,Oxalis macrantha
7226621,Quercus sinuata sinuata
5331300,Viola blanda
6402943,Physalis fendleri
2769204,Muscari comosum
6303618,Onopordum acanthium acanthium
3635208,Lomatium foeniculaceum inyoense
8383191,Vaccinium scoparium
3876325,Ceanothus pauciflorus
5341784,Physalis peruviana
2879759,Quercus prinoides
8035897,Allium fibrillum
2888626,Viburnum odoratissimum
3113147,Cirsium turneri
8124424,Crataegus pruinosa pruinosa
5285777,Pinus elliottii
2880740,Quercus dumosa
5284917,Picea engelmannii
7278328,Gleditsia triacanthos triacanthos
3890974,Pycnanthemum verticillatum pilosum
5384660,Stellaria crassifolia
6444479,Cirsium cymosum cymosum
3034836,Sanicula peckiana
4270238,Allium cernuum cernuum
3112868,Cirsium andrewsii
2975352,Vicia ludoviciana
2765306,Tradescantia hirsuticaulis
4218494,Cirsium tweedyi
2877348,Quercus hemisphaerica
3112872,Cirsium carolinianum
7225461,Vicia americana americana
8916040,Clinopodium nepeta
4249366,Ambrosia trifida texana
3015853,Crataegus chrysocarpa
2975172,Vicia minutiflora
2986102,Ribes sericeum
4022562,Claytonia rubra depressa
2857535,Allium oxyphilum
6373407,Vicia ludoviciana leavenworthii
2752905,Erythronium umbilicatum monostolum
2857583,Allium schubertii
2764434,Commelina erecta deamiana
2879574,Quercus mexicana
2880351,Quercus mohriana
7318113,Ionoxalis
5343639,Astragalus crassicarpus berlandieri
8790199,Yucca glauca stricta
2753310,Lilium parvum
10137876,Ribes montigenum
8313153,Quercus palustris
2878289,Quercus shumardii
8282529,Acer negundo violaceum
2752803,Erythronium hendersonii
5331232,Viola novae-angliae
8287130,Claytonia virginica virginica
7096218,Pycnanthemum pycnanthemoides pycnanthemoides
7322650,Chamaenerion angustifolium angustifolium
2992947,Rubus allegheniensis gravesii
5341782,Physalis crassifolia
3012167,Sorbus aucuparia
2880404,Quercus john-tuckeri
3039405,Ceanothus incanus
7224412,Trifolium pratense pratense
5341403,Monarda fruticulosa
2752801,Erythronium citrinum
3112849,Cirsium engelmannii
7095701,Ceanothus papillosus papillosus
7227457,Tradescantia zebrina zebrina
2986212,Ribes victoris
7658589,Ceanothus impressus impressus
2944197,Pediomelum hypogaeum hypogaeum
5658526,Vitis cinerea helleri
8879961,Quercus stellata
2878470,Quercus bicolor
5341413,Monarda punctata
2992543,Rubus laciniatus
3084756,Claytonia rosea
3039353,Ceanothus roderickii
2765168,Tradescantia bracteata
9740820,Foeniculum vulgare dulce
6413923,Carya glabra megacarpa
4925724,Viburnum rafinesqueanum affine
6082288,Tragopogon pratensis minor
4035054,Rumex crispus fauriei
6363434,Stellaria nemorum
7315835,Ilex vomitoria vomitoria
2927347,Pycnanthemum tenuifolium
5295726,Smilax havanensis
3875208,Ceanothus cuneatus fascicularis
2926942,Clinopodium chandleri
3014833,Crataegus suborbiculata
2992601,Rubus subsolanus
2994178,Rubus suus
4056632,Phlox pilosa riparia
7783315,Phlox pilosa longipilosa
3030034,Fragaria chiloensis lucida
6435012,Allium cepa cepa
5295374,Smilax glauca
2775611,Yucca baileyi
7225471,Vicia villosa villosa
2974801,Vicia pulchella
2888624,Viburnum plicatum tomentosum
2986142,Ribes watsonianum
7796156,Physalis solanacea
3001157,Malus prunifolia
4194874,Ribes hudsonianum petiolare
4023008,Claytonia parviflora utahensis
12085875,Cirsium harrisonii
2878247,Quercus turbinella
2986206,Ribes speciosum
2888967,Rumex verticillatus
2927354,Pycnanthemum incanum
3112917,Cirsium mohavense
2881680,Quercus pagoda
5708433,Vitis aestivalis lincecumii
2882855,Vaccinium dentatum
2752870,Erythronium klamathense
5686897,Pinus discolor
2742273,Trillium discolor
2881677,Quercus × saulii
2856947,Allium hoffmanii
7104410,Stellaria media media
7129045,Capsella bursa-pastoris bursa-pastoris
3639437,Sanicula crassicaulis tripartita
3973495,Vicia eriocarpa
7923052,Mentha × gracilis
2857670,Allium speculae
2742253,Trillium simile
2986114,Ribes leptanthum
7227618,Allium fimbriatum fimbriatum
6423481,Lomatium foeniculaceum macdougalii
5663658,Viola chamissoniana tracheliifolia
2769106,Camassia quamash azurea
3083543,Suaeda occidentalis
3001561,Malus dasyphylla
4270195,Yucca treculeana treculeana
3083553,Suaeda conferta
2879564,Quercus × incomita
2882868,Vaccinium angustifolium
9220780,Crataegus monogyna
2742377,Trillium chloropetalum
3039303,Ceanothus sanguineus
2986189,Ribes acerifolium
2752890,Erythronium quinaultense
2856588,Allium hyalinum
3014211,Crataegus intricata
2753475,Lilium occidentale
5275013,Pteridium aquilinum champlainense
2888969,Rumex floridanus
5331373,Viola palmata triloba
2960222,Wisteria × formosa
2856390,Allium peninsulare
7839339,Sanicula bipinnatifida
3039360,Ceanothus tomentosus
5289534,Typha domingensis
5285086,Pinus remota
2765247,Tradescantia pedicellata
3012369,Sorbus californica
2986110,Ribes viburnifolium
7219279,Ribes inerme inerme
7427412,Amphicarpaea bracteata comosa
3039309,Ceanothus crassifolius planus
2989757,Rubus superioris
2765268,Tradescantia wrightii
2769109,Camassia quamash walpolei
2753465,Lilium pensylvanicum
5284989,Pinus lambertiana
2882880,Vaccinium myrtilloides
2882910,Vaccinium parvifolium
5285241,Pinus taeda
2975384,Vicia benghalensis
5331182,Viola walteri
5641386,Primula utahensis
2865381,Triglochin concinna
2879249,Quercus vaseyana
3016098,Crataegus turnerorum
8182079,Pinus ponderosa washoensis
2888987,Rumex obovatus
5284950,Picea omorika
2879537,Quercus × ganderi
3039336,Ceanothus foliosus
5705607,Solidago canadensis hargeri
2857286,Allium burlewii
2879411,Quercus suber
2856840,Allium fimbriatum purdyi
7308335,Mentha spicata spicata
3013743,Crataegus alabamensis
7127735,Primula conjugens conjugens
5605234,Monarda punctata occidentalis
7469271,Oxalis pes-caprae pes-caprae
2878564,Quercus myrsinifolia
5295648,Smilax californica
2889232,Persicaria setacea
3083532,Suaeda tampicensis
8250865,Sambucus racemosa pubens
3029912,Fragaria × ananassa
5341790,Physalis lanceolata
8199473,Viola purpurea dimorpha
2992597,Rubus missouricus
3014143,Crataegus pyracanthifolia
5284717,Picea rubens
3188786,Chamaenerion latifolium
4036886,Persicaria arifolia
3190551,Rhus × pulvinata
5285139,Pinus pungens
7227532,Lilium pardalinum pardalinum
2753203,Lilium pardalinum shastense
4220369,Cirsium ochrocentrum martinii
5331348,Viola hallii
2775790,Yucca baccata brevifolia
4254924,Rudbeckia laciniata humilis
3015457,Crataegus persimilis
2879836,Quercus × ashei
2765333,Tradescantia occidentalis melanthera
3084755,Claytonia tuberosa
2857353,Allium crenulatum
5285621,Pinus monticola
2878266,Quercus douglasii
7219452,Claytonia exigua exigua
2857196,Allium geyeri
10131607,Ceanothus otayensis
2926917,Clinopodium glabellum
2855897,Allium schoenoprasum sibiricum
7227636,Allium perdulce perdulce
2857202,Allium geyeri tenerum
5341410,Monarda media
8932018,Ceanothus × lobbianus
10156140,Ceanothus × serrulatus
2889005,Rumex kerneri
3039349,Ceanothus × humboldtensis
6434926,Nuphar polysepala
2753239,Lilium canadense
2986152,Ribes cynosbati
2889015,Rumex hymenosepalus
5341786,Physalis virginiana
8330813,Rhus trilobata trilobata
6391868,Rumex mexicanus
6397173,Viola emarginata
3039315,Ceanothus fresnensis
2989183,Rubus niveus
7226552,Tilia americana americana
5659021,Vitis rotundifolia pygmaea
9600356,Claytonia peirsonii peirsonii
3023999,Amelanchier cusickii
4243103,Liatris punctata nebraskana
5372385,Vitis riparia
5285183,Pinus albicaulis
2742330,Trillium maculatum
2877959,Quercus acutissima
2855926,Allium atrorubens
3936075,Hibiscus lasiocarpos occidentalis
7095697,Ceanothus jepsonii jepsonii
6388101,Claytonia sibirica sibirica
5640793,Primula austrofrigida
7225583,Cakile edentula edentula
5285710,Pinus brutia
3015560,Crataegus submollis
2986122,Ribes indecorum
2882844,Vaccinium erythrocarpum
2879489,Quercus sinuata breviloba
2888980,Rumex maritimus
7230687,Pinus torreyana torreyana
2857197,Allium geyeri chatterleyi
5664271,Viola purpurea mohavensis
5331313,Viola × brauniae
7226616,Quercus parvula parvula
3234805,Limnia
4218196,Cirsium vulgare litorale
5331211,Viola nuttallii
5284809,Pinus nigra
3054328,Carya carolinae-septentrionalis
4035452,Rumex chrysocarpos
3190550,Rhus michauxii
7560711,Oxalis tetraphylla
2856940,Allium sanbornii
4270235,Allium vineale vineale
8108263,Crataegus pruinosa dissona
8436459,Rubus fruticosus
5832702,Vitis vinifera sylvestris
3001220,Malus halliana
3034839,Sanicula odorata
7096549,Phlox divaricata divaricata
2856348,Allium neapolitanum
3190559,Rhus lanceolata
2742420,Trillium ovatum maculosum
3768607,Acer negundo interior
3113757,Cirsium douglasii
4260153,Tilia americana neglecta
2781097,Hemerocallis fulva aurantiaca
2887090,Sideroxylon lanuginosum oblongifolium
6449185,Rumex paucifolius gracilescens
3039369,Ceanothus prostratus occidentalis
5331287,Viola pratincola
7872219,Rubus parviflorus
5331183,Viola lanceolata
2875979,Corylus avellana
6397021,Viola fimbriatula
2765100,Tradescantia pinetorum
8333166,Ceanothus thyrsiflorus griseus
6369288,Fragaria vesca bracteata
3039299,Ceanothus diversifolius
3084769,Claytonia palustris
5331292,Viola umbraticola
2992148,Rubus apogaeus
3042682,Brassica rapa nipposinica
2878373,Quercus lobata
2986175,Ribes californicum
4925723,Viburnum rafinesqueanum
2926939,Clinopodium dentatum
2765298,Tradescantia subaspera
7156971,Oxalis triangularis
5598586,Lonicera caerulea cauriana
3029922,Fragaria virginiana virginiana
7222035,Sambucus racemosa racemosa
3034848,Sanicula trifoliata
2742378,Trillium chloropetalum giganteum
5331358,Viola bakeri
4022053,Claytonia virginica hammondiae
5352224,Robinia hispida fertilis
2741681,Delostylis
2996525,Rubus armeniacus
2879040,Quercus minima
5663577,Viola minuscula
2752996,Lilium washingtonianum purpurascens
2775610,Yucca madrensis
8246807,Viola purpurea quercetorum
4271349,Torilis arvensis arvensis
5664135,Viola canadensis rugulosa
2880354,Quercus chrysolepis × palmeri
2927344,Pycnanthemum floridanum
2875968,Corylus colurna
2753079,Lilium bulbiferum
5372381,Vitis mustangensis
2970789,Neltuma glandulosa
6391450,Persicaria glabra
2882586,Arctostaphylos uva-ursi suborbiculata
2927343,Pycnanthemum californicum
7318173,Oxalis triangularis triangularis
3024097,Amelanchier interior
7911993,Rumex pseudonatronatus
6387990,Empetrum nigrum nigrum
2891677,Oxalis dillenii
5532521,Pteridium aquilinum pubescens
3112749,Cirsium edule
5640826,Primula jeffreyi
2753473,Lilium parryi
5285554,Pinus reflexa
2879272,Quercus garryana semota
2775615,Yucca schottii
2769622,Muscari azureum
5331251,Viola floridana
3632991,Torilis arvensis recta
8104635,Claytonia arkansana
2991626,Rubus canescens
6443709,Tragopogon dubius
2765221,Tradescantia pallida
8149049,Wisteria sinensis
7957506,Physalis × elliottii
6394171,Vitis aestivalis aestivalis
8723099,Pinus × sondereggeri
7225576,Rorippa palustris palustris
2878500,Quercus × willdenowiana
3014317,Crataegus pexa
2888984,Rumex persicarioides
6411645,Mentha piperita piperita
6369414,Rubus ursinus ursinus
2986112,Ribes inerme
5284955,Picea breweriana
3013672,Crataegus reverchonii
3030116,Fragaria × ananassa cuneifolia
3013175,Sorbus sitchensis sitchensis
7227593,Nothoscordum bivalve bivalve
4224667,Cirsium arizonicum bipinnatum
10825869,Alniaria alnifolia
5663619,Viola pectinata
2989697,Rubus hirtus
3039398,Ceanothus oliganthus
5285635,Pinus rigida
3039382,Ceanothus integerrimus
2878060,Quercus incana
6394438,Phlox divaricata laphamii
2856393,Allium peninsulare franciscanum
2765345,Tradescantia ernestiana
7711906,Crataegus tracyi
8113755,Ficaria verna bulbilifera
3039333,Ceanothus confusus
5384671,Stellaria borealis
12227569,Cirsium griseum griseum
5414206,Myrica gale tomentosa
3113695,Cirsium quercetorum quercetorum
7493272,Vaccinium shastense shastense
2974921,Vicia villosa varia
3014089,Crataegus viridis
2888994,Rumex venosus
3001080,Malus fusca
5331347,Viola tricolor
2753460,Lilium kelloggii
2752806,Erythronium grandiflorum candidum
7223195,Xanthium strumarium strumarium
6371262,Ceanothus papillosus roweanus
3014010,Crataegus pruinosa virella
3697288,Nuphar orbiculata
2856672,Allium serra
3039348,Ceanothus pumilus
4219253,Cirsium scopulorum
2856106,Allium membranaceum
8172952,Mentha × verticillata
2865502,Vallisneria neotropicalis
5373248,Cochlearia sessilifolia
2889018,Rumex skottsbergii
3810213,Honckenya peploides major
2888972,Rumex paraguayensis
3014749,Crataegus erythropoda
3029882,Fragaria vesca californica
3024070,Amelanchier intermedia
7328012,Vaccinium stamineum stamineum
3015595,Crataegus straminea
2752872,Erythronium grandiflorum
2753323,Lilium michiganense
2857005,Allium praecox
2891752,Oxalis drummondii
2742217,Trillium pusillum ozarkanum
7219564,Ceanothus cuneatus cuneatus
2856991,Allium rhizomatum
3140577,Lactuca graminifolia
2742236,Trillium ludovicianum
3039361,Ceanothus tomentosus olivaceus
6371876,Castanea pumila pumila
2766078,Pontederia cordata lancifolia
9448191,Carduus nutans leiophyllus
2855970,Allium carinatum carinatum
2879456,Quercus × garlandensis
2752833,Erythronium revolutum
3857225,Viburnum carlesii
4220094,Cirsium peckii
6449289,Vicia ludoviciana ludoviciana
7221272,Urtica dioica dioica
3612820,Phacelia dubia interior
3034701,Berula erecta incisa
5331312,Viola × dissita
7222032,Viburnum dentatum dentatum
2887087,Sideroxylon lanuginosum albicans
2753225,Lilium philadelphicum immaculatum
3659825,Rhus trilobata anisophylla
2878290,Quercus shumardii schneckii
5331196,Viola ocellata
3039298,Ceanothus verrucosus
6391465,Rumex britannica
2742408,Trillium luteum
9823078,Oxalis corniculata repens
6361571,Comandra umbellata pallida
5641753,Primula clevelandii gracilis
7221285,Rhus aromatica aromatica
7226483,Phacelia dubia dubia
2992494,Rubus mollior
12175785,Ceanothus × bakeri
5295481,Smilax smallii
6390897,Persicaria sagittata
5295218,Smilax biltmoreana
5331382,Viola subsinuata
4925519,Allium canadense lavandulare
7731041,Trillium grandiflorum grandiflorum
2992998,Rubus michiganensis
7896485,Cirsium virginianum
7258955,Rubus arcticus arcticus
3034866,Sanicula sandwicensis
5285091,Pinus virginiana
5386938,Tragopogon porrifolius
7335052,Ribes californicum californicum
5341476,Lycopus virginicus
6423017,Oxalis californica
3013616,Crataegus spathulata
2879031,Quercus × undulata
3001362,Malus baccata
2881547,Quercus georgiana
2742321,Trillium petiolatum
7258956,Fragaria vesca vesca
4221235,Cirsium loncholepis
2889104,Persicaria hirsuta
9961729,Ceanothus foliosus vineatus
5641746,Primula subalpina
6314059,Allium sativum ophioscorodon
6410827,Pycnanthemum incanum incanum
8006762,Viola variegata
3190541,Rhus ovata
2775598,Yucca jaegeriana
3014503,Crataegus gattingeri
3030035,Fragaria chiloensis pacifica
3627693,Oxalis texana
3113149,Cirsium ownbeyi
4271177,Rumex californicus
3039345,Ceanothus divergens
2878132,Quercus canbyi
3891332,Pycnanthemum incanum puberulum
2995209,Rubus caesius
4220494,Cirsium nuttallii
4272258,Ribes sanguineum glutinosum
3039341,Ceanothus oliganthus sorediatus
2765257,Tradescantia ozarkana
5640448,Primula frigida
5331321,Viola septemloba
3034835,Sanicula laciniata
2888974,Rumex arcticus
2856176,Allium kunthii
2882962,Vaccinium simulatum
2879532,Quercus robusta
2857341,Allium zebdanense
2857256,Allium hickmanii
8147903,Vaccinium boreale
5384677,Stellaria littoralis
2891724,Oxalis alpina
7942493,Oxypolis rigidior rigidior
2765211,Tradescantia humilis
3626896,Oxalis pes-caprae pleniflora
2772082,Muscari latifolium
3190553,Rhus chinensis
5331319,Viola trinervata
2926912,Clinopodium coccineum
6447732,Suaeda californica
2879361,Quercus laceyi
2857767,Allium platycaule
2742268,Trillium decipiens
3767724,Acer negundo arizonicum
2992929,Rubus pennus
7155125,Hydrophyllum virginianum virginianum
6415053,Tilia americana heterophylla
2986138,Ribes thacherianum
8649668,Allium jepsonii
2891754,Oxalis hirta
2857755,Allium lacunosum davisiae
3084731,Claytonia gypsophiloides
6444228,Cirsium occidentale venustum
5285750,Pinus contorta
5664497,Viola sororia priceana
5331346,Viola lobata lobata
5285767,Pinus torreyana insularis
4272376,Acer rubrum trilobum
2881650,Quercus chrysolepis × vacciniifolia
2765246,Tradescantia tharpii
4048700,Linum berlandieri filifolium
7392062,Viola calcicola
3857539,Viburnum × bodnantense
2882838,Vaccinium ovatum
2986111,Ribes aureum
2986193,Ribes bracteosum
10905755,Oxalis brasiliensis
5640613,Primula fassettii
5353281,Dalea candida oligophylla
6394543,Phlox pilosa fulgida
11082785,Monarda brevis
7219308,Honckenya peploides peploides
3112698,Cirsium pumilum
5331283,Viola nephrophylla
2856789,Allium howellii howellii
2878115,Quercus texana
2856669,Allium cuthbertii
2993031,Rubus meracus
5285053,Pinus ponderosa
8168485,Amelanchier alnifolia
2769069,Camassia leichtlinii
7133268,Viola eriocarpa
3042667,Mutarda nigra
2927198,Mentha canadensis
5387983,Youngia thunbergiana
2878688,Quercus robur
2889007,Rumex paucifolius
9479327,Claytonia peirsonii yorkii
5334351,Fallopia baldschuanica
7728506,Claytonia lanceolata lanceolata
7474788,Galium aparine aparine
2880790,Quercus × brittonii
7334992,Ribes fasciculatum
7133542,Viola septentrionalis septentrionalis
2994145,Rubus furtivus
4192782,Phytolacca americana rigida
2775785,Yucca reverchonii
6306553,Descurainia pinnata brachycarpa
2879540,Quercus havardii
2888963,Rumex conglomeratus
7219280,Ribes cereum cereum
8286761,Ceanothus pinetorum
2891670,Oxalis florida
6369746,Viburnum rafinesqueanum rafinesqueanum
2881710,Quercus × drummondii
4223095,Cirsium edule wenatchense
5663566,Viola pedata flabellata
5341405,Monarda maritima
6444478,Cirsium cymosum
12177168,Viola pedata cuneatiloba
7129308,Lepidium virginicum virginicum
6402983,Physalis cinerascens cinerascens
5285355,Pinus pumila
2877992,Quercus arizonica
5341480,Lycopus uniflorus
5295687,Smilax walteri
5285256,Pinus aristata
2765356,Tradescantia subacaulis
3768664,Acer negundo californicum
2889030,Rumex altissimus
2857466,Allium diabolense
5641499,Primula pauciflora cusickii
10865701,Physalis macrosperma
8038781,Rubus invisus
9289741,Claytonia peirsonii bernardinus
3039316,Ceanothus megacarpus
2857315,Allium crispum
7953786,Viola charlestonensis
5605561,Monarda citriodora austromontana
2878068,Quercus polymorpha
2857071,Allium oleraceum
7334974,Ribes roezlii roezlii
2752804,Erythronium tuolumnense
8427805,Linum berlandieri berlandieri
7997280,Zizania palustris palustris
5331262,Viola pedatifida
5341768,Physalis cinerascens
3112578,Cirsium parryi
2775796,Yucca baccata baccata
5331239,Viola septentrionalis
2881701,Quercus pacifica
3660172,Rhus aromatica arenaria
3044155,Descurainia pinnata ochroleuca
2856790,Allium howellii sanbenitense
3039310,Ceanothus impressus
6394549,Phlox pilosa detonsa
2997212,Rubus × fraseri
2878378,Quercus lyrata
8019170,Rubus praecox
5386897,Tragopogon pratensis
7095864,Ribes aureum aureum
7225489,Dalea candida candida
2857771,Allium anceps
7539797,Viola orbiculata
2974786,Vicia sepium
2888960,Rumex sanguineus
2888582,Viburnum suspensum
5353343,Dalea purpurea arenicola
2856226,Allium elmendorfii
9508942,Origanum vulgare hirtum
5708987,Monarda fistulosa longepetiolata
8351695,Crataegus viridis velutina
2752907,Erythronium purpurascens
3039389,Ceanothus fendleri
5331203,Viola rotundifolia
2882894,Vaccinium ovalifolium
5285764,Pinus torreyana
2753192,Lilium pardalinum
3874482,Ceanothus gloriosus exaltatus
5295311,Smilax herbacea
5295028,Smilax illinoensis
5341810,Physalis pumila
5331269,Viola × slavinii
6437932,Yucca glauca glauca
7306151,Pinus cembroides cembroides
3014062,Crataegus holmesiana
2888588,Viburnum × rhytidophylloides
3112592,Cirsium calcareum
3112555,Cirsium hydrophilum
5372397,Vitis × novae-angliae
2856297,Allium tuberosum
5341461,Lycopus americanus
5581229,Physalis neomexicana
2775714,Yucca utahensis
3113171,Cirsium wrightii
7219566,Ceanothus foliosus foliosus
5285064,Pinus ponderosa benthamiana
2995508,Rubus illecebrosus
8293580,Amphicarpaea bracteata bracteata
12211980,Clinopodium talladeganum
6449332,Acer rubrum drummondii
2993414,Rubus hancinianus
2882863,Vaccinium reticulatum
5295258,Smilax ecirrhata
2857533,Allium plummerae
2986171,Ribes niveum
5376651,Lepidium virginicum menziesii
5295724,Smilax pulverulenta
2986144,Ribes canthariforme
8132811,Callirhoe involucrata involucrata
7928349,Pilea pumila pumila
3014267,Crataegus schuettei
2989128,Rubus hirsutus
5665281,Viola umbraticola glaberrima
2882940,Vaccinium oxycoccos
5341769,Physalis acutifolia
6364942,Stellaria sitchana
5384613,Stellaria cuspidata
6423721,Chaerophyllum tainturieri tainturieri
4273401,Liatris punctata punctata
7291247,Rumex hydrolapathum
5581353,Physalis hederifolia comata
5285255,Pinus sabiniana
2880352,Quercus palmeri
2996680,Rubus hawaiensis
3876938,Ceanothus martini
7905147,Perilla frutescens crispa
2856504,Allium fistulosum
3015864,Crataegus chrysocarpa praecox
5663443,Viola pedunculata tenuifolia
7291643,Persicaria filiformis
2881630,Quercus marilandica
5383928,Salicornia pacifica
5331345,Viola lobata
5341797,Physalis grisea
2888870,Rumex spinosus
2775683,Yucca gloriosa tristis
7219277,Ribes sanguineum sanguineum
2775736,Yucca faxoniana
7226106,Monarda fistulosa fistulosa
2880500,Quercus × rehderi
3659665,Rhus trilobata simplicifolia
2765318,Tradescantia cerinthoides
2891760,Oxalis montana
2998629,Rubus recurvans
2882847,Vaccinium tenellum
2855924,Allium columbianum
4238351,Petasites frigidus sagittatus
5331245,Viola latiuscula
6447543,Suaeda taxifolia
7219448,Phytolacca americana americana
2742323,Trillium viridescens
3666480,Chamaenerion angustifolium circumvagum
2775783,Yucca thompsoniana
5605189,Monarda stipitatoglandulosa
5331224,Viola flettii
3697844,Allium proliferum
7226038,Viola sororia sororia
9219805,Claytonia scammaniana
6449224,Ceanothus oliganthus oliganthus
7065384,Sideroxylon lanuginosum lanuginosum
3113022,Cirsium ciliolatum
10743523,Cercis canadensis canadensis
2775716,Yucca gigantea
2775580,Yucca harrimaniae
3034756,Oxypolis rigidior ambigua
8093912,Carya myristiciformis
7095665,Claytonia perfoliata perfoliata
7291447,Persicaria maculosa maculosa
2857491,Allium runyonii
9163943,Yucca treculiana
5532591,Pteridium aquilinum decompositum
2753048,Lilium kelleyanum
5341803,Physalis cordata
7750598,Monarda fistulosa mollis
3001509,Malus sylvestris
2857541,Allium allegheniense
7917073,Rubus parvifolius parvifolius
2857531,Allium tolmiei persimile
7230699,Pinus nigra nigra
4156230,Plantago maritima californica
3014795,Crataegus sargentii
7223549,Vaccinium uliginosum uliginosum
3083542,Suaeda calceoliformis
2927190,Mentha suaveolens
4925476,Triglochin concinna concinna
2991322,Rubus ellipticus obcordatus
4211929,Lactuca hirsuta sanguinea
7070088,Allium sanbornii sanbornii
7230662,Juniperus communis communis
4033275,Persicaria puritanorum
9553866,Claytonia peirsonii californacis
2991817,Rubus glaucifolius
5285073,Pinus brachyptera
7372138,Cercis canadensis mexicana
2772020,Muscari neglectum
2775731,Yucca campestris
3039387,Ceanothus integerrimus macrothyrsus
2891672,Oxalis stricta rufa
3015467,Crataegus wootoniana
2993166,Rubus × neglectus
3014620,Crataegus padifolia
12147223,Engellaria obtusa
2891661,Oxalis pes-caprae
6441863,Hylotelephium telephium telephium
5372406,Vitis californica
4220456,Cirsium occidentale californicum
2742407,Trillium decumbens
7812950,Trillium recurvatum recurvatum
7227510,Trillium chloropetalum chloropetalum
9556440,Claytonia panamintensis
3697703,Nuphar sagittifolia
3014986,Crataegus berberifolia engelmannii
3634548,Lomatium macdougalii
2888598,Viburnum bracteatum
6423733,Chaerophyllum procumbens procumbens
3001305,Malus × dawsoniana
3014888,Crataegus nananixonii
2856891,Allium karataviense
3113127,Cirsium scariosum
2888596,Viburnum acerifolium
4219668,Cirsium pumilum hillii
9327213,Quercus × ewanii
8386328,Quercus rugosa
5341408,Monarda russeliana
6371326,Ceanothus megacarpus insularis
4219319,Cirsium scariosum congdonii
3891042,Pycnanthemum torreyi
2888965,Rumex albescens
2879049,Quercus × succulenta
7096205,Clinopodium nepeta nepeta
7326395,Nemexia
3034837,Sanicula tracyi
2990899,Rubus acridens
5285511,Pinus leiophylla
2856600,Allium bisceptrum
2775619,Yucca gloriosa
5352231,Robinia hispida nana
6442202,Ribes aureum gracillimum
6064069,Cirsium coloradense
2986185,Ribes uva-crispa
7559707,Yucca filamentosa filamentosa
3014328,Crataegus lucorum
3039307,Ceanothus spinosus
7222891,Petasites frigidus frigidus
2988908,Rubus macraei
3112785,Cirsium ochrocentrum
2974981,Vicia disperma
5331914,Betula papyrifera kenaica
5285097,Pinus arizonica stormiae
2765324,Tradescantia occidentalis scopulorum
3001365,Malus floribunda
2879099,Quercus × burnetensis
2752902,Erythronium howellii
2765120,Tradescantia sillamontana
2765175,Tradescantia ohiensis
2765230,Tradescantia spathacea
5372420,Vitis arizonica
8892957,Pinus jeffreyi
7531821,Oxalis pilosa
3034865,Sanicula smallii
2857514,Allium scilloides
4194543,Ribes divaricatum pubiflorum
7223627,Primula pauciflora pauciflora
6286630,Sorbus sitchensis grayi
3140577,Lactuca graminifolia graminifolia
2752865,Erythronium elegans
2881646,Quercus × runcinata
2880403,Quercus × fernowii
3015008,Crataegus integriloba
3016139,Crataegus succulenta neofluvialis
2882934,Vaccinium × atlanticum
2927376,Pycnanthemum virginianum
5331181,Viola odorata
4034001,Persicaria nepalensis
2891726,Oxalis metcalfei
5285090,Pinus patula
5663663,Viola chamissoniana robusta
5331266,Viola × malteana
3014402,Crataegus sororia
2881126,Quercus × palaeolithicola
8892668,Vaccinium vitis-idaea minus
2857829,Allium unifolium
2991369,Rubus hispidus
3039363,Ceanothus dentatus
8629566,Persicaria extremiorientalis
5331277,Viola cuneata
2878127,Quercus parvula shrevei
7228147,Yucca angustissima angustissima
2998283,Rubus nivalis
3015454,Crataegus rivularis
3190555,Rhus sandwicensis
2927345,Pycnanthemum nudum
7321606,Rhus kearneyi kearneyi
2995779,Rubus bifrons
2775710,Yucca schidigera
3024052,Amelanchier arborea
2975328,Vicia hirsuta
3627330,Oxalis dehradunensis
5641490,Primula pauciflora monantha
2879818,Quercus austrina
3015658,Crataegus saligna
5284982,Pinus strobus
5331169,Viola beckwithii
6377233,Sphaeralcea coccinea coccinea
2742418,Trillium crassifolium
3014332,Crataegus lassa
7222841,Tragopogon porrifolius porrifolius
11965506,Cirsium griseum osterhoutii
2742223,Trillium sessile
2856457,Allium triquetrum
5284753,Picea glauca densata
5285751,Pinus contorta murrayana
2986127,Ribes cereum
5341467,Lycopus angustifolius
2986218,Ribes binominatum
7222051,Vitis cinerea cinerea
5605249,Monarda punctata intermedia
2990545,Rubus oklahomus
2974753,Vicia lutea
2857489,Allium coryi
5605246,Monarda punctata lasiodonta
2882837,Vaccinium caesariense
7227539,Lilium washingtonianum washingtonianum
5331343,Viola rafinesquei
5341411,Monarda fistulosa
3034844,Sanicula crassicaulis
2891720,Oxalis incarnata
5341817,Physalis mollis
8307079,Rubus pubescens pubescens
4196293,Trillium oostingii
3015911,Crataegus irrasa
7066309,Hypochaeris radicata radicata
5295097,Smilax auriculata
3113218,Cirsium brevistylum
2888599,Viburnum ellipticum
5331301,Viola wailenalenae
5686819,Pinus × attenuradiata
2878235,Quercus × howellii
2752871,Erythronium pluriflorum
7291486,Persicaria lapathifolia lapathifolia
7227470,Commelina erecta erecta
7878925,Rubus leucodermis leucodermis
5285172,Pinus cembroides
2878586,Quercus kelloggii
2769112,Camassia scilloides
12373028,Neltuma glandulosa glandulosa
2742279,Trillium sulcatum
2986140,Ribes hudsonianum
5664684,Viola vittata
2991256,Rubus stipulatus
2889010,Rumex cristatus
7148690,Carya ovata ovata
7306128,Strobus
2865389,Triglochin concinna debilis
8684445,Allium tuolumnense
5693149,Tragopogon porrifolius longirostris
7296375,Viola hederacea
2999820,Rubus deamii
2986113,Ribes pinetorum
5285816,Pinus palustris
5341465,Lycopus rubellus
5284871,Picea pungens
3034845,Sanicula marilandica
3856130,Viburnum wrightii
2927374,Pycnanthemum muticum
5285799,Pinus thunbergii
7746216,Caltha palustris palustris
4023145,Claytonia obovata
5331221,Viola langloisii
7223369,Cichorium intybus intybus
2879563,Quercus × hastingsii
2998655,Rubus roribaccus
7095862,Ribes oxyacanthoides oxyacanthoides
4194716,Ribes nevadense jaegeri
5285258,Pinus longaeva
3084760,Claytonia caroliniana
3015562,Crataegus mollis
6390957,Persicaria punctata
6369682,Viburnum scabrellum
5331389,Viola × wittrockiana
2856919,Allium parishii
5289503,Typha laxmannii
2881643,Quercus boyntonii
3697904,Allium canadense hyacinthoides
7070006,Camassia leichtlinii leichtlinii
3697264,Nuphar ozarkana
5384608,Stellaria calycantha
4243120,Liatris punctata mexicana
3113059,Cirsium kamtschaticum
8235931,Rubus allegheniensis
2775576,Yucca rostrata
2742183,Trillium catesbaei
8390742,Quercus oblongifolia
2765156,Tradescantia fluminensis
7070115,Allium obtusum obtusum
2857234,Allium tribracteatum
2878211,Quercus × kinseliae
5334241,Lonicera japonica chinensis
2996067,Rubus semisetosus
4194633,Ribes malvaceum viridifolium
3016137,Crataegus succulenta
3016116,Crataegus lacrimata
7223198,Lapsana communis communis
7219965,Crataegus mollis mollis
2873953,Asarum canadense acuminatum
8252683,Crataegus laevigata
3952723,Cylindropuntia imbricata argentea
2926951,Clinopodium ashei
2891652,Oxalis decaphylla
2888584,Viburnum dilatatum
2878237,Quercus margaretiae
2879533,Quercus chapmanii
2891749,Oxalis dichondrifolia
2752832,Erythronium propullans
2857616,Allium sphaerocephalon
2879378,Quercus × macdonaldii
3723270,Yucca sterilis
5663964,Viola edulis
3855498,Viburnum awabuki
7275101,Lathyrus venosus venosus
2775732,Yucca rupicola
3084730,Claytonia exigua
2891655,Oxalis grandis
3887869,Clinopodium carolinianum
8340556,Physalis pumila hispida
3039362,Ceanothus ophiochilus
7070121,Allium lacunosum lacunosum
7222542,Cirsium pumilum pumilum
2879923,Quercus durata
11732225,Sanicula crassicaulis nudicaulis
5331329,Viola maviensis
7222599,Sonchus arvensis arvensis
7226629,Quercus macrocarpa macrocarpa
7230692,Pinus radiata radiata
2856614,Allium oreophilum
2879544,Quercus × riparia
5284884,Picea abies
2888625,Viburnum rhytidophyllum
6369910,Viburnum opulus americanum
2927351,Pycnanthemum flexuosum
2742390,Trillium reliquum
10084009,Sambucus racemosa melanocarpa
5285709,Pinus balfouriana austrina
2990630,Rubus × loganobaccus
3014505,Crataegus scabrida
2946881,Vicia nigricans
5341423,Monarda citriodora
5285113,Pinus coulteri
5331200,Viola labradorica
5284745,Picea glauca
3113736,Cirsium remotifolium
2684401,Juniperus virginiana silicicola
7313641,Asarum canadense canadense
5641751,Primula clevelandii insularis
2856316,Allium aaseae
4933861,Lapsana communis intermedia
3030045,Fragaria chiloensis sandwicensis
5372393,Vitis champinii
2993761,Rubus spectabilis
5532541,Pteridium aquilinum latiusculum
7160609,Rhus integrifolia
3084736,Claytonia parviflora
5341397,Monarda pectinata
7674899,Viburnum alabamense
4204450,Trapa natans bispinosa
7066663,Cirsium fontinale fontinale
3857337,Viburnum × burkwoodii
3014336,Crataegus triflora
8340440,Physalis pumila pumila
10698305,Viola pluviae
2752808,Erythronium oregonum
2742191,Trillium foetidissimum
5331189,Viola cucullata
6289876,Quercus garryana breweri
2769104,Camassia quamash maxima
6391150,Persicaria minor
6391385,Rumex transitorius
2856257,Allium shevockii
3190549,Rhus kearneyi
2992760,Rubus trivialis
2878384,Quercus wislizeni
3039327,Ceanothus parryi
5285637,Pinus sylvestris
2742233,Trillium lancifolium
2879098,Quercus ilex
3013866,Crataegus calpodendron
3016019,Crataegus pulcherrima
3024074,Amelanchier bartramiana
5605268,Monarda punctata arkansana
4274359,Silphium terebinthinaceum luciae-brauniae
4272199,Crataegus jonesiae
2888594,Viburnum dentatum
5285501,Pinus monophylla
3084746,Claytonia lanceolata
3023833,Amelanchier canadensis
3084753,Claytonia sarmentosa
7273997,Ceanothus integerrimus integerrimus
12211964,Viola pedata pedata
6369599,Viburnum farreri
5372392,Vitis vinifera
2765326,Tradescantia occidentalis occidentalis
2888949,Rumex orthoneurus
5581130,Physalis pubescens integrifolia
7565377,Osmorhiza longistylis longistylis
7070107,Allium bolanderi bolanderi
5671071,Pilea pumila deamii
5343643,Astragalus crassicarpus paysonii
2742259,Trillium albidum
5341792,Physalis angulata
2753369,Lilium grayi
2856831,Allium fimbriatum
6359254,Acer negundo negundo
7226104,Monarda citriodora citriodora
2856204,Allium siculum
3013529,Crataegus iracunda
5285595,Pinus muricata
5341418,Monarda bradburiana
2742317,Trillium angustipetalum
2880752,Quercus × eplingii
10557076,Ambrosia trifida trifida
4272246,Ribes roezlii cruentum
9394845,Monarda austroappalachiana
7223121,Silphium terebinthinaceum terebinthinaceum
2878465,Quercus ajoensis
4220636,Cirsium neomexicanum utahense
7219323,Stellaria longipes longipes
3084770,Claytonia arctica
3023964,Amelanchier utahensis
8326061,Quercus coccinea
2891664,Oxalis articulata
2775744,Yucca aloifolia
2753371,Lilium formosanum
2742244,Trillium vaseyi
2888978,Rumex pulcher
9123250,Lactuca tatarica
3973001,Vicia lens
10346573,Prunus serotina rufula
4274470,Cirsium arvense integrifolium
2927069,Marrubium vulgare
8275443,Ceanothus decornutus
7227628,Allium atrorubens atrorubens
2986184,Ribes alpinum
2891728,Oxalis articulata rubra
8111807,Viburnum deamii
3641137,Chaerophyllum procumbens shortii
3152376,Malva sylvestris mauritiana
2986130,Ribes sanguineum
5295746,Smilax pseudochina
2986120,Ribes velutinum
7127734,Primula conjugens
2857235,Allium tolmiei
2928282,Hydrophyllum virginianum atranthum
5352248,Robinia viscosa hartwigii
7308142,Lamium amplexicaule amplexicaule
2881631,Quercus marilandica ashei
5331291,Viola lithion
4925821,Quercus hemisphaerica hemisphaerica
7230697,Pinus ponderosa ponderosa
2742258,Trillium viride
2986221,Ribes quercetorum
2857382,Allium validum
2992055,Rubus arcticus acaulis
8339156,Astragalus crassicarpus trichocalyx
5686603,Pinus cembroides bicolor
2889216,Persicaria careyi
2856997,Allium trifoliatum
6442305,Ribes hudsonianum hudsonianum
5295255,Smilax hugeri
2879260,Quercus garryana
2857752,Allium lacunosum
4223275,Cirsium douglasii breweri
8031766,Callirhoe involucrata lineariloba
3014985,Crataegus berberifolia
4222069,Cirsium horridulum vittatum
3039347,Ceanothus lemmonii
12258670,Allium incomptum
5664313,Viola purpurea integrifolia
2702397,Sparganium eurycarpum coreanum
5295375,Smilax rotundifolia
2882861,Vaccinium cespitosum
3113529,Cirsium lecontei
2775691,Yucca angustissima kanabensis
2986104,Ribes erythrocarpum
6388226,Claytonia megarhiza megarhiza
8920502,Quercus × leana
2742216,Trillium pusillum texanum
9606151,Rubus beamanii
5662248,Mertensia paniculata alaskana
7223126,Galinsoga parviflora parviflora
2882908,Vaccinium darrowii
3012350,Sorbus decora
3113668,Cirsium pitcheri
5331184,Viola striata
3012298,Sorbus scopulina
3039306,Ceanothus microphyllus
5587240,Silene vulgaris vulgaris
6449519,Glechoma hederacea hederacea
3013900,Crataegus gaylussacia
3084773,Claytonia washingtoniana
7071066,Picea glauca glauca
3639337,Sanicula epipactis
4273743,Lactuca hirsuta hirsuta
6593197,Robinia neomexicana neomexicana
2873952,Asarum canadense reflexum
5289461,Typha angustifolia
5285533,Pinus banksiana
2742247,Trillium cuneatum
2742327,Trillium underwoodii
2882824,Vaccinium hirsutum
6391790,Rumex occidentalis
5331192,Viola × populifolia
10744118,Crataegus × cogswellii
6665114,Plantago major major
6359280,Acer negundo mexicanum
5289571,Typha capensis
8234521,Rubus rosifolius
6434985,Nuphar advena
3039311,Ceanothus parvifolius
5285708,Pinus balfouriana
2991408,Rubus canadensis
4224645,Cirsium arizonicum tenuisectum
2857410,Allium macrum
7222539,Cirsium inamoenum inamoenum
5331294,Viola howellii
7227620,Allium tolmiei tolmiei
2684758,Juniperus communis charlottensis
2879029,Quercus × benderi
5709491,Betula alleghaniensis alleghaniensis
2775786,Yucca neomexicana
3029834,Fragaria orientalis
2775788,Yucca baccata
4033648,Persicaria perfoliata
3084740,Claytonia rubra
10918497,Quercus vacciniifolia
2775530,Yucca flaccida
6368754,Prunus serotina eximia
6394534,Phlox pilosa ozarkana
3113498,Cirsium flodmanii
2878143,Quercus graciliformis
5384598,Stellaria humifusa
2880835,Quercus cedrosensis
6391446,Fallopia dumetorum
2881571,Quercus × columnaris
9630289,Rumex acetosella angiocarpus
3013580,Crataegus douglasii
2889023,Rumex stenophyllus
3039381,Ceanothus cyaneus
3659701,Rhus trilobata pilosissima
5285565,Pinus pinaster
6448925,Allium schoenoprasum schoenoprasum
4194520,Ribes cereum colubrinum
3768436,Acer negundo texanum
3014602,Crataegus texana
7220170,Rubus odoratus odoratus
7296357,Viola inconspicua
7551339,Nuphar lutea
3113276,Cirsium texanum
8298495,Galinsoga quadriradiata
2742413,Trillium ovatum
8071829,Prunella vulgaris lanceolata
2986125,Ribes wolfii
5383953,Salicornia maritima
2891658,Oxalis illinoensis
2989749,Rubus vermontanus
3697657,Nuphar ulvacea
5285067,Pinus resinosa
2752816,Erythronium americanum harperi
3113117,Cirsium vinaceum
4270245,Allium ampeloprasum ampeloprasum
7303135,Plantago maritima maritima
5356413,Lathyrus palustris pilosus
11161997,Rubus revealii
4194454,Ribes menziesii ixoderme
3190562,Rhus trilobata
2857741,Allium haematochiton
5372398,Vitis rupestris
5343645,Astragalus crassicarpus crassicarpus
4271172,Rumex crassus
2752848,Erythronium taylorii
5285243,Pinus canariensis
4194303,Ribes aureum villosum
9029215,Crataegus margaretta
9682509,Ceanothus pendletonensis
2857412,Allium dichlamydeum
5331320,Viola hirsutula
3084737,Claytonia cordifolia
3628358,Oxalis colorea
10998168,Quercus acerifolia
5341415,Monarda clinopodioides
4036385,Persicaria chinensis
2927362,Pycnanthemum pycnanthemoides
9358736,Claytonia serpenticola
3886463,Clinopodium menthifolium ascendens
7296732,Viola philippica
5665476,Viola pinetorum grisea
5641494,Primula pauciflora macrocarpa
7219457,Claytonia rubra rubra
3725709,Pedicularis canadensis fluviatilis
7258873,Eryngium yuccifolium yuccifolium
2753209,Lilium pardalinum pitkinense
8689166,Chaerophyllum tainturieri dasycarpum
7296251,Viola arvensis arvensis
2986158,Ribes mescalerium
2878410,Quercus × filialis
2752903,Erythronium umbilicatum
2986150,Ribes laxiflorum
2880967,Quercus falcata
2889038,Rumex dentatus
3113220,Cirsium clokeyi
6438526,Pedicularis canadensis canadensis
5285756,Pinus contorta latifolia
5331175,Viola vallicola
8133484,Fragaria virginiana platypetala
7227637,Allium peninsulare peninsulare
4219572,Cirsium remotifolium odontolepis
3034158,Osmorhiza longistylis villicaulis
2880538,Quercus × harbisonii
5669409,Betula uber
5605417,Monarda fistulosa rubra
2889024,Rumex × confusus
2888604,Viburnum setigerum
5693308,Tragopogon eriospermus
4022997,Claytonia parviflora viridis
2880834,Quercus inopina
7227192,Sparganium eurycarpum eurycarpum
3587408,Passiflora incarnata alba
2887071,Sideroxylon lanuginosum rigidum
3023845,Amelanchier amabilis
4056624,Phlox pilosa sangamonensis
8209586,Trillium albidum albidum
3015010,Crataegus tanuphylla
2926928,Clinopodium mimuloides
2879971,Quercus × heterophylla
2989222,Rubus tricolor
4036983,Persicaria amphibia stipulacea
2764395,Commelina erecta angustifolia
4270343,Polygonatum biflorum biflorum
3039305,Ceanothus gloriosus
6397175,Viola incognita
5371785,Angelica dentata
2856376,Allium sharsmithiae
7422372,Physalis hederifolia palmeri
2994785,Rubus satis
7968447,Quercus rubra rubra
3024109,Amelanchier × lamarckii
2880559,Quercus rubra ambigua
8046394,Cirsium serrulatum
5331187,Viola lanaiensis
8017574,Oxalis oregana
2775561,Yucca filamentosa
5285004,Pinus strobiformis
2855922,Allium nevii
7790552,Crataegus pruinosa
3113356,Cirsium brevifolium
2856780,Allium cristophii
9524237,Rubus ulmifolius anoplothyrsus
5386951,Tragopogon mirus
3626311,Oxalis exilis
3634197,Perideridia gairdneri borealis
2995997,Rubus ictus
7224271,Pimpinella saxifraga saxifraga
5331331,Viola hastata
2879060,Quercus × acutidens
4222723,Cirsium fontinale obispoense
6447662,Suaeda linearis
2891764,Oxalis purpurea
3053179,Rorippa palustris fernaldiana
2856005,Allium simillimum
3000177,Rubus fulleri
9650440,Ceanothus thyrsiflorus obispoensis
2986211,Ribes nevadense
2888605,Viburnum opulus
5285754,Pinus contorta bolanderi
3626759,Oxalis hispidula
7223120,Silphium perfoliatum perfoliatum
4023532,Claytonia lanceolata sessilifolia
6392766,Cakile edentula lacustris
2857601,Allium ursinum
2891711,Oxalis albicans
7222647,Solidago canadensis canadensis
7723768,Juniperus communis kelleyi
2857472,Allium falcifolium
3034858,Sanicula graveolens
2889144,Persicaria robustior
2879830,Quercus similis
7095969,Viola pinetorum pinetorum
6316504,Hemerocallis fulva kwanso
5670458,Urtica dioica sondenii
11143727,Oxalis × vanaelstii
7096646,Carya glabra glabra
6423486,Lomatium foeniculaceum daucifolium
5384678,Stellaria porsildii
7224222,Foeniculum vulgare vulgare
2994784,Rubus ithacanus
2752906,Erythronium albidum
8427624,Oxalis corniculata
2775775,Yucca elata
5663261,Viola communis
5383963,Salicornia depressa
7884309,Viola praemorsa
2888957,Rumex densiflorus
2764295,Commelina communis communis
4022904,Claytonia perfoliata mexicana
2990157,Rubus sons
10458691,Ceanothus × flexilis
2879947,Quercus muehlenbergii
7723763,Ceanothus velutinus
5285708,Pinus balfouriana balfouriana
8969026,Physalis philadelphica
4222017,Cirsium hydrophilum vaseyi
7769228,Rubus setosus
5663628,Viola tenuipes
5331177,Viola × eclipes
7225636,Brassica rapa rapa
2879860,Quercus × faxonii
3039308,Ceanothus crassifolius crassifolius
2989061,Rubus pensilvanicus
2993074,Rubus pedatus
7071099,Juniperus virginiana virginiana
2857108,Allium lemmonii
2882888,Vaccinium ashei
7227639,Allium geyeri geyeri
4273231,Lamium purpureum incisum
2876873,Quercus glauca
2889340,Persicaria hydropiperoides
2878250,Quercus geminata
5284827,Picea sitchensis
2997679,Rubus frondosus
7223625,Primula clevelandii clevelandii
2987832,Peraphyllum ramosissimum
7593208,Claytonia acutifolia
2857395,Allium madidum
2879504,Quercus frainetto
6314218,Allium cernuum neomexicanum
2995482,Rubus sieboldii
6369733,Viburnum recognitum
5285094,Pinus arizonica
2752992,Lilium washingtonianum
5696356,Youngia japonica japonica
5665311,Viola banksii
2742385,Trillium rugelii
8758339,Viola langsdorffii
2882858,Vaccinium alaskaense
4196296,Trillium grandiflorum roseum
3039400,Ceanothus oliganthus orcuttii
2992091,Rubus jaysmithii
5356585,Lathyrus venosus intonsus
2742342,Trillium erectum
2926930,Clinopodium arkansanum
5331357,Viola kauaensis
2878192,Quercus pumila
2986116,Ribes lobbii
2752888,Erythronium pusaterii
2991373,Rubus parvifolius
2991179,Rubus laudatus
2992000,Rubus serratus
7219456,Claytonia multiscapa multiscapa
2891707,Oxalis debilis
2879266,Quercus garryana garryana
7230712,Abies balsamea balsamea
2880795,Quercus agrifolia oxyadenia
7222536,Cirsium arizonicum arizonicum
5372414,Vitis palmata
5341457,Lycopus cokeri
2986177,Ribes lasianthum
2882935,Vaccinium formosum
2753144,Lilium pyrophilum
12166212,Cirsium viperinum
6305833,Cirsium ochrocentrum ochrocentrum
2753218,Lilium philadelphicum
5384667,Stellaria corei
2926958,Clinopodium gracile
2769076,Camassia howellii
2891755,Oxalis latifolia
6287846,Fragaria virginiana glauca
3054334,Carya ovalis
3039360,Ceanothus tomentosus tomentosus
7751607,Lycium carolinianum carolinianum
3013848,Crataegus ashei
4219327,Cirsium scariosum citrinum
4034537,Persicaria longiseta
2991314,Rubus ellipticus
6434989,Nuphar variegata
2876033,Corylus cornuta californica
2891747,Oxalis trilliifolia
5341458,Lycopus asper
3023901,Amelanchier stolonifera
2856319,Allium perdulce sperryi
5383932,Salicornia perennis
3039330,Ceanothus purpureus
5641485,Primula pauciflora shoshonensis
5709497,Cannabis sativa spontanea
3023823,Amelanchier pallida
2996841,Rubus cuneifolius
5331235,Viola arvensis
5641589,Primula tetrandra
3001548,Malus angustifolia
2684721,Juniperus communis depressa
2878385,Quercus wislizeni frutescens
2927368,Pycnanthemum setosum
10471911,Wisteria frutescens frutescens
3015731,Crataegus × bicknellii
4219309,Cirsium scariosum thorneae
7111356,Robinia viscosa viscosa
2753549,Lilium bolanderi
2986187,Ribes menziesii
5285497,Pinus attenuata
5341771,Physalis angustifolia
2765270,Tradescantia longipes
6402799,Physalis mollis mollis
7095861,Ribes menziesii menziesii
3034847,Sanicula saxatilis
3023840,Amelanchier sanguinea
3853065,Crataegus viridis glabriuscula
7548259,Pinus × hunnewellii
2926945,Clinopodium vulgare
3112648,Cirsium andersonii
2878674,Quercus berberidifolia
2880349,Quercus × jolonensis
3014153,Crataegus opaca
7224071,Daucus carota carota
3023832,Amelanchier laevis
2684743,Juniperus communis saxatilis
2889229,Persicaria orientalis
2742269,Trillium gracile
3853687,Crataegus pruinosa magnifolia
6428353,Chamaenerion angustifolium
7842101,Monarda punctata villicaulis
8361147,Ceanothus megacarpus megacarpus
4167868,Vaccinium stamineum caesium
6361572,Comandra umbellata californica
2856950,Allium monticola
7226561,Hibiscus moscheutos moscheutos
3016009,Crataegus mollis incisifolia
5285796,Pinus edulis
3937557,Malvaviscus arboreus drummondii
5331185,Viola sheltonii
3001166,Malus coronaria
5331197,Viola villosa
3874472,Ceanothus gloriosus porrectus
2742210,Trillium pusillum virginianum
3113257,Cirsium inamoenum
3015394,Crataegus munda
2995606,Rubus sachalinensis
2856593,Allium stipitatum
4250676,Sonchus asper glaucescens
2882937,Vaccinium myrsinites
7258874,Sanicula canadensis canadensis
2986180,Ribes rotundifolium
2881704,Quercus arkansana
4056637,Phlox pilosa pulcherrima
5331214,Viola affinis
3875467,Ceanothus velutinus laevigatus
2706069,Hordeum intercedens
2888945,Rumex brownii
10668387,Elaeagnus umbellata parvifolia
2880771,Quercus engelmannii
5331215,Viola missouriensis
6290429,Sonchus arvensis uliginosus
4219332,Cirsium scariosum americanum
2997417,Rubus pascuus
2765347,Tradescantia brevifolia
2856654,Allium munzii
5285718,Pinus brutia eldarica
4223723,Cirsium clavatum americanum
2855719,Allium senescens
2879984,Quercus chrysolepis
5285122,Pinus quadrifolia
2855768,Allium punctum
2994718,Rubus arizonensis
2927357,Pycnanthemum albescens
6371112,Ceanothus velutinus velutinus
5331379,Viola palmata palmata
7071057,Pinus elliottii elliottii
2986118,Ribes echinellum
2975283,Vicia hassei
7230690,Pinus arizonica arizonica
3039354,Ceanothus sonomensis
5352229,Robinia hispida kelseyi
5285727,Pinus radiata
5295574,Smilax bona-nox
2857339,Allium obtusum conspicuum
2880509,Quercus fusiformis
2685397,Abies balsamea phanerolepis
7219454,Claytonia parviflora parviflora
5372408,Vitis monticola
2879863,Quercus buckleyi
6426983,Rhus aromatica serotina
2857522,Allium macropetalum
5641482,Primula pauciflora zionensis
5665253,Viola baxteri
6388168,Claytonia perfoliata intermontana
3113731,Cirsium rydbergii
3113611,Cirsium barnebyi
5641811,Primula standleyana
2999587,Rubus nigerrimus
2856198,Allium bolanderi mirabile
2753380,Lilium lancifolium
3112951,Cirsium drummondii
7068379,Vicia sativa sativa
2880518,Quercus cornelius-mulleri
5383959,Salicornia bigelovii
2997851,Rubus rosa
5341807,Physalis hederifolia
2879367,Quercus × munzii
7228139,Camassia quamash quamash
2857969,Allium siskiyouense
6362198,Pteridium latiusculum
6442283,Ribes californicum hesperium
5373276,Cochlearia officinalis
11013549,Cylindropuntia imbricata spinosior
2856710,Allium robinsonii
7068690,Descurainia pinnata pinnata
2856965,Allium vineale capsuliferum
7226042,Viola kauaensis kauaensis
2880652,Quercus phellos
2856788,Allium howellii
5341398,Monarda clinopodia
3039358,Ceanothus palmeri
2769084,Camassia quamash
4254950,Rudbeckia laciniata ampla
5372379,Vitis cinerea
2769073,Camassia leichtlinii suksdorfii
2944131,Pediomelum hypogaeum subulatum
6369289,Fragaria vesca americana
2991181,Rubus ablatus
7112381,Trifolium repens repens
2998263,Rubus riograndis
2986164,Ribes hirtellum
2765184,Tradescantia paludosa
4208223,Silphium perfoliatum connatum
7222946,Artemisia dracunculus dracunculus
5640540,Primula meadia
2986132,Ribes divaricatum
2742421,Trillium ovatum oettingeri
7258977,Physalis crassifolia crassifolia
4194414,Ribes velutinum gooddingii
4222078,Cirsium horridulum megacanthum
7226105,Monarda punctata punctata
2855893,Allium roseum
5708990,Perilla frutescens frutescens
12239479,Salicornia europaea
5341777,Physalis walteri
9060377,Vaccinium membranaceum
5372424,Vitis labrusca
8087010,Cyperus esculentus leptostachyus
3856046,Viburnum macrocephalum
7227564,Erythronium umbilicatum umbilicatum
2857111,Allium giganteum
7133588,Viola praemorsa praemorsa
5605388,Monarda humilis
8093733,Lonicera japonica japonica
4205649,Carya glabra hirsuta
10331743,Ceanothus griseus
2880444,Quercus sadleriana
11546544,Cirsium funkiae
2988747,Rubus ferrofluvius
2879996,Quercus toumeyi
10428609,Linum rigidum rigidum
2880350,Quercus × schuettei
4224914,Cirsium altissimum × discolor
2990794,Rubus humilior
2882965,Vaccinium fuscatum
9823072,Oxalis stricta
2775579,Yucca necopina
2878171,Quercus emoryi
3113685,Cirsium repandum
2975076,Vicia lathyroides
2880506,Quercus × comptoniae
3697899,Allium canadense mobilense
8707933,Mentha × piperita
3112615,Cirsium clavatum
5285058,Pinus engelmannii
12282368,Viola grisea
8578963,Sanicula hoffmannii
6410748,Pycnanthemum verticillatum verticillatum
3015720,Crataegus venusta
5285779,Pinus elliottii densa
2882895,Vaccinium pallidum
2878313,Quercus oglethorpensis
2857512,Allium brevistylum
5331174,Viola chamissoniana
3877243,Ceanothus jepsonii albiflorus
7296609,Viola biflora biflora
2993119,Rubus idaeus strigosus
2881715,Quercus × morehus
3014805,Crataegus punctata
2986194,Ribes lacustre
7070845,Trillium erectum erectum
9811549,Rudbeckia laciniata laciniata
2986199,Ribes curvatum
8289268,Rubus vestitus
7293930,Vitis ficifolia
2998389,Rubus regionalis
7716080,Vitis aestivalis bicolor
3014745,Crataegus pennsylvanica
2765258,Tradescantia hirsutiflora
2753044,Lilium maritimum
2753045,Lilium philippinense
7265890,Pteridium latiusculum latiusculum
3084758,Claytonia arenicola
2975035,Vicia sativa nigra
3054341,Carya pallida
2742261,Trillium recurvatum shayi
6434939,Nuphar microphylla
7510173,Mentha longifolia
2881640,Quercus × subfalcata
2999585,Rubus densissimus
7301210,Lathyrus latifolius latifolius
2775592,Yucca brevifolia
5331176,Viola glabella
3039404,Ceanothus cuneatus
2857338,Allium obtusum
5372401,Vitis vulpina
6371196,Ceanothus rigidus
3113626,Cirsium hookerianum
5284875,Picea × lutzii
2856852,Allium parryi
2876038,Corylus cornuta cornuta
3023863,Amelanchier alnifolia pumila
3856813,Sambucus racemosa microbotrys
10082397,Ceanothus foliosus medius
3040999,Raphanus raphanistrum landra
5284763,Picea × albertiana
5295268,Smilax laurifolia
7230686,Pinus contorta contorta
7321939,Rhus chinensis chinensis
2857841,Allium brandegeei
7223709,Phlox pilosa pilosa
2891643,Oxalis caerulea
7228146,Yucca elata elata
5605262,Monarda punctata coryi
3855057,Amelanchier alnifolia semiintegrifolia
3112638,Cirsium fontinale
2879408,Quercus × rolfsii
5352237,Robinia hispida rosea
7296610,Viola prionantha
7776003,Cirsium murdockii
4036197,Persicaria decipiens
5289423,Typha latifolia
8688258,Primula pauciflora
5331318,Viola lovelliana
2753199,Lilium pardalinum vollmeri
5641285,Primula poetica
7068245,Dalea purpurea purpurea
3001108,Malus spectabilis
2769473,Maianthemum racemosum amplexicaule
3084742,Claytonia sibirica
2775601,Yucca pallida
6394108,Vitis berlandieri
8254937,Lathyrus japonicus maritimus
8110785,Rubus leucodermis
10034772,Prunus serotina virens
2856006,Allium nevadense
4220426,Cirsium occidentale coulteri
2927364,Pycnanthemum loomisii
10375932,Ceanothus × lorenzenii
7226041,Viola pedunculata pedunculata
5331362,Viola tomentosa
3015383,Crataegus ouachitensis
2775607,Yucca intermedia
2888971,Rumex lapponicus
7950468,Malva sylvestris sylvestris
3113512,Cirsium neomexicanum
7738624,Fragaria chiloensis
5372400,Vitis aestivalis
2882961,Vaccinium deliciosum
3626515,Oxalis smalliana
5341819,Physalis pubescens
7226518,Mertensia paniculata paniculata
7389372,Trillium albidum parviflorum
2999823,Rubus nefrens
4023250,Claytonia multiscapa pacifica
2878542,Quercus depressipes
10764693,Trillium delicatum
3014233,Crataegus mexicana
