GISJOIN,YEAR,STUSAB,REGIONA,DIVISIONA,STATE,STATEA,COUNTYA,COUSUBA,PLACEA,TRACTA,BLKGRPA,CONCITA,AIANHHA,RES_ONLYA,TRUSTA,AIHHTLI,AITSA,ANRCA,CBSAA,CSAA,METDIVA,CNECTA,NECTADIV,UAA,CDCURRA,SLDUA,SLDLA,ZCTA5A,SUBMCDA,SDELMA,SDSECA,SDUNIA,PCI,PUMAA,GEO_ID,BTTRA,BTBGA,TL_GEO_ID,NAME_E,ASN1E001,ASQLE001,ASQLE002,ASQLE003,ASQLE004,ASQLE005,ASQLE006,ASQLE007,ASQLE008,ASQLE009,ASQLE010,ASQLE011,ASQLE012,ASQLE013,ASQLE014,ASQLE015,ASQLE016,ASQLE017,ASQLE018,ASQLE019,ASQLE020,ASQLE021,ASQLE022,ASQLE023,ASQLE024,ASQLE025,ASQLE026,ASQLE027,ASQLE028,ASQLE029,ASQLE030,ASQLE031,ASQLE032,ASQLE033,ASQLE034,ASQLE035,ASQLE036,ASQLE037,ASQLE038,ASQLE039,ASQLE040,ASQLE041,ASQLE042,ASQLE043,ASQLE044,ASQLE045,ASQLE046,ASQLE047,ASQLE048,ASQLE049,ASQLE050,ASQLE051,ASQLE052,ASQLE053,ASQLE054,ASQLE055,ASQLE056,ASQLE057,ASQLE058,ASQLE059,ASQPE001,NAME_M,ASN1M001,ASQLM001,ASQLM002,ASQLM003,ASQLM004,ASQLM005,ASQLM006,ASQLM007,ASQLM008,ASQLM009,ASQLM010,ASQLM011,ASQLM012,ASQLM013,ASQLM014,ASQLM015,ASQLM016,ASQLM017,ASQLM018,ASQLM019,ASQLM020,ASQLM021,ASQLM022,ASQLM023,ASQLM024,ASQLM025,ASQLM026,ASQLM027,ASQLM028,ASQLM029,ASQLM030,ASQLM031,ASQLM032,ASQLM033,ASQLM034,ASQLM035,ASQLM036,ASQLM037,ASQLM038,ASQLM039,ASQLM040,ASQLM041,ASQLM042,ASQLM043,ASQLM044,ASQLM045,ASQLM046,ASQLM047,ASQLM048,ASQLM049,ASQLM050,ASQLM051,ASQLM052,ASQLM053,ASQLM054,ASQLM055,ASQLM056,ASQLM057,ASQLM058,ASQLM059,ASQPM001
"G010","2019-2023","AL",,,"Alabama","01",,,,,,,,,,,,,,,,".",".",,,,,,,,,,,,"0400000US01",,,"01","Alabama",5054253,1969105,313418,143938,44759,1692,16457,16258,10352,99179,13586,1324,5997,4306,1959,85593,6590,51237,20044,7722,169480,68683,9683,14865,27650,16485,100797,11595,13649,35532,40021,1655687,1130705,870019,11406,275067,358010,225536,260686,70690,3171,28550,26279,12690,189996,4541,69373,71321,44761,524982,252953,15360,80561,86775,70257,272029,12771,51058,78373,129827,62027,"Alabama",-555555555,6574,3864,2748,1732,457,1065,1029,800,2259,865,303,798,430,304,2083,745,2003,1131,589,3155,2115,806,1141,1323,934,2723,960,1140,1566,1601,7805,7042,7409,978,4190,4393,2340,4412,2357,448,1534,1425,919,3345,608,2311,2044,1453,5404,3921,1155,2577,2439,1882,3543,975,1911,1975,2457,400
"G020","2019-2023","AK",,,"Alaska","02",,,,,,,,,,,,,,,,".",".",,,,,,,,,,,,"0400000US02",,,"02","Alaska",733971,267865,25818,11664,4478,145,2055,1383,895,7186,1954,174,840,619,321,5232,472,3113,1143,504,14154,7511,703,1689,3453,1666,6643,842,1337,2383,2081,242047,159889,125116,3465,47812,48291,25548,34773,13135,728,5332,5267,1808,21638,813,9174,7426,4225,82158,45556,3428,16839,14080,11209,36602,2113,10031,11473,12985,89336,"Alaska",-555555555,1441,1158,591,443,89,305,218,180,567,365,161,215,118,145,459,169,353,202,152,1014,671,284,390,472,282,641,242,256,338,356,1617,1749,1802,533,1300,1054,883,1470,1017,258,597,572,250,1131,236,672,643,469,1717,1397,446,914,742,716,1226,305,708,722,655,1374
"G040","2019-2023","AZ",,,"Arizona","04",,,,,,,,,,,,,,,,".",".",,,,,,,,,,,,"0400000US04",,,"04","Arizona",7268175,2796790,338481,161583,66732,1453,23609,22519,19151,94851,20228,1974,9609,6435,2210,74623,5882,42425,18792,7524,176898,77395,12088,16568,27139,21600,99503,13301,14293,29996,41913,2458309,1643908,1247169,14840,386785,477776,367768,396739,136270,9577,62753,47427,16513,260469,11085,98997,100455,49932,814401,401842,27263,141085,118615,114879,412559,23697,92551,108638,187673,76872,"Arizona",-555555555,6018,5175,3613,2458,290,1754,1360,998,2648,1317,447,956,794,352,2477,655,1928,1233,651,3712,2368,1008,1049,1380,1095,2813,1018,1227,1430,1556,7668,8044,8287,1115,4723,4492,2813,5076,3311,977,2146,1908,978,4056,1091,2549,2583,1607,7194,5658,1710,3354,3211,2667,6141,1403,2812,2453,3384,414
"G050","2019-2023","AR",,,"Arkansas","05",,,,,,,,,,,,,,,,".",".",,,,,,,,,,,,"0400000US05",,,"05","Arkansas",3032651,1189160,192034,89060,33512,1453,14972,10981,6106,55548,9543,1042,4572,2829,1100,46005,4348,27291,10252,4114,102974,43299,5440,9285,17563,11011,59675,7647,8348,21194,22486,997126,683145,528783,9943,176736,206123,135981,154362,47181,3025,19625,17270,7261,107181,4071,43054,37277,22779,313981,152698,11737,49686,49247,42028,161283,8865,27507,47135,77776,58773,"Arkansas",-555555555,4619,3344,2377,1391,373,1007,818,543,1899,848,309,587,427,214,1682,724,1324,668,503,2701,1836,666,1041,1140,704,2012,811,820,1128,1002,5385,5124,4803,856,3284,2335,1744,3496,1832,469,1270,1044,615,3024,651,1872,1627,1243,4088,2856,959,1873,1605,1480,3050,841,1450,1596,1877,503
"G060","2019-2023","CA",,,"California","06",,,,,,,,,,,,,,,,".",".",,,,,,,,,,,,"0400000US06",,,"06","California",39242785,13434847,1577419,772253,333317,4327,132838,116924,79228,438936,93230,8019,42325,33145,9741,345706,17878,194275,100688,32865,805166,335410,39582,81701,117021,97106,469756,49288,75605,130729,214134,11857428,8372217,6222640,40632,2066551,2708724,1406733,2149577,748638,37084,322792,286430,102332,1400939,37076,479028,580008,304827,3485211,1705678,66074,700306,518446,420852,1779533,64385,513378,471050,730720,96334,"California",-555555555,19805,10520,7383,4887,559,3215,2754,2252,5775,2575,836,1940,1346,707,4758,1189,3972,2566,1629,7159,5431,1588,2671,2786,2426,4874,1812,2600,2960,3980,25068,27173,30245,1716,16782,15303,6878,11117,7547,1671,4902,4620,2109,8585,1584,6405,5125,3825,14296,10328,2319,7424,6207,5053,10297,2447,6047,6009,8147,298
"G080","2019-2023","CO",,,"Colorado","08",,,,,,,,,,,,,,,,".",".",,,,,,,,,,,,"0400000US08",,,"08","Colorado",5810774,2325576,221044,84646,35741,1055,15386,11598,7702,48905,9445,1107,3917,3308,1113,39460,3234,23475,10022,2729,136398,60641,13184,13924,19923,13610,75757,14333,13419,19582,28423,2104532,1361661,1096258,15407,406615,429640,244596,265403,96683,5434,41427,38650,11172,168720,5919,63866,70373,28562,742871,377020,26527,164369,106384,79740,365851,23884,115673,92874,133420,92470,"Colorado",-555555555,4759,3687,2404,1438,284,1084,735,644,1893,1016,469,649,539,254,1466,543,1254,903,347,3252,2250,1063,1040,1125,941,2375,969,1034,1091,1520,5733,6351,7625,1046,4847,3513,2085,4818,2293,641,1804,1422,619,3890,699,2147,2347,1202,5630,3999,1577,2896,2307,1788,4054,1178,1986,2419,2817,483
"G090","2019-2023","CT",,,"Connecticut","09",,,,,,,,,,,,,,,,".",".",,,,,,,,,,,,"0400000US09",,,"09","Connecticut",3598348,1420170,149756,62462,19342,160,6777,7598,4807,43120,7064,605,3283,2656,520,36056,1559,22254,9715,2528,87294,35465,3840,7499,14223,9903,51829,4971,7112,16639,23107,1270414,854678,650111,2728,190454,290909,166020,204567,61656,3484,23746,25383,9043,142911,2774,48606,64884,26647,415736,192728,8398,65532,62856,55942,223008,8201,48408,60914,105485,93760,"Connecticut",-555555555,3490,3117,1893,1191,95,809,796,496,1697,849,249,585,472,172,1616,392,1428,841,433,2516,1624,607,734,1138,839,1914,740,851,1025,1218,4565,4859,5474,457,3368,3203,2389,3588,2081,724,1290,1200,677,2821,581,1679,1897,1128,4064,2979,839,1923,2141,1908,3330,884,1503,1733,2561,669
"G100","2019-2023","DE",,,"Delaware","10",,,,,,,,,,,,,,,,".",".",,,,,,,,,,,,"0400000US10",,,"10","Delaware",1005872,396209,40749,18805,7094,93,2369,2794,1838,11711,1765,79,941,560,185,9946,837,6308,2261,540,21944,8492,1026,2080,3119,2267,13452,1102,1577,5170,5603,355460,238750,180212,1259,50012,72001,56940,58538,17957,705,7404,7118,2730,40581,901,15172,16524,7984,116710,50893,2318,16243,16716,15616,65817,1651,13340,20149,30677,82855,"Delaware",-555555555,1648,1982,1293,740,89,451,530,259,1050,420,61,310,210,90,906,263,761,423,151,1443,899,316,418,624,296,1096,301,387,697,505,2398,3013,3004,305,1710,1456,1308,2360,1110,211,861,702,407,1858,391,1227,1110,591,2844,1923,461,1079,937,998,2099,336,913,1107,1497,1234
"G110","2019-2023","DC",,,"District of Columbia","11",,,,,,,,,,,,,,,,".",".",,,,,,,,,,,,"0400000US11",,,"11","District of Columbia",672079,321556,42187,14228,2421,97,814,833,677,11807,1093,156,474,240,223,10714,436,6537,2753,988,27959,12239,1881,3409,4559,2390,15720,2298,3595,4554,5273,279369,118744,78262,418,38285,25927,13632,40482,8300,256,3892,3013,1139,32182,390,11907,12365,7520,160625,73150,2984,40893,17898,11375,87475,5262,45857,18241,18115,106287,"District of Columbia",-555555555,1499,1928,1120,460,111,270,291,220,992,394,144,323,142,116,898,227,867,439,239,1550,1149,391,668,769,414,1172,354,614,615,686,2214,2394,1962,161,1206,1069,861,1682,848,144,635,448,450,1550,236,930,994,729,2435,1745,396,1367,1018,904,1723,555,1512,1022,876,1803
"G120","2019-2023","FL",,,"Florida","12",,,,,,,,,,,,,,,,".",".",,,,,,,,,,,,"0400000US12",,,"12","Florida",21928881,8550911,1077362,492997,212872,2267,68169,71573,70863,280125,53704,4087,24162,18955,6500,226421,13050,128508,62373,22490,584365,233996,24687,44219,82112,82978,350369,31005,44107,99735,175522,7473549,5031463,3779711,24624,1045550,1533358,1176179,1251752,388809,17504,160970,150376,59959,862943,19851,306095,352308,184689,2442086,1162786,48801,373309,376903,363773,1279300,49307,261103,358174,610716,71711,"Florida",-555555555,21145,8259,6699,3963,530,2856,2605,2374,5557,2295,657,1808,1365,743,4930,1154,3596,2754,1114,5759,4366,1414,2139,2598,2392,4541,1721,1995,2562,3616,23232,22111,24521,1379,13213,12172,6547,9786,6231,1168,3946,3395,2089,7832,1558,5242,4043,3099,12679,9168,1977,6745,4939,4799,9400,2103,5052,4918,7625,282
"G130","2019-2023","GA",,,"Georgia","13",,,,,,,,,,,,,,,,".",".",,,,,,,,,,,,"0400000US13",,,"13","Georgia",10822590,4008013,529884,263089,89442,1917,36052,32332,19141,173647,25638,2768,11048,9091,2731,148009,9804,89255,36038,12912,266795,108380,15708,24174,40408,28090,158415,19560,26322,50108,62425,3478129,2398417,1778014,20686,598554,764225,394549,620403,167937,9868,68381,65769,23919,452466,12545,176220,179076,84625,1079712,512521,30119,195279,173357,113766,567191,27278,145151,171448,223314,74664,"Georgia",-555555555,9372,6614,4547,2579,482,1650,1587,1305,3751,1408,545,963,935,424,3867,899,2871,1960,897,4586,3264,1108,1683,1896,1532,3381,1218,1689,1935,2081,11605,11763,12572,1060,6984,6788,3160,6227,4355,1122,2663,2841,1369,5302,1170,4122,3702,2454,7866,6350,1979,4398,3667,3059,6099,1764,3922,3151,3949,431
"G150","2019-2023","HI",,,"Hawaii","15",,,,,,,,,,,,,,,,".",".",,,,,,,,,,,,"0400000US15",,,"15","Hawaii",1445635,488991,49685,22929,10064,300,3149,3543,3072,12865,3188,99,1089,1501,499,9677,397,5464,2593,1223,26756,12180,869,2284,4889,4138,14576,1112,2258,4116,7090,439306,311359,234964,3978,68449,93294,69243,76395,25320,921,9144,9545,5710,51075,990,13976,17214,18895,127947,64630,2969,21504,19112,21045,63317,1702,14787,17150,29678,98317,"Hawaii",-555555555,1924,1698,1168,722,110,441,409,414,967,553,80,275,465,169,812,167,622,386,229,1253,978,302,408,573,550,922,231,443,400,630,2213,2551,2859,453,1772,1470,1539,1653,1059,228,778,671,510,1405,318,920,742,885,2186,1730,464,1043,1116,1014,1604,260,888,1120,1143,980
"G160","2019-2023","ID",,,"Idaho","16",,,,,,,,,,,,,,,,".",".",,,,,,,,,,,,"0400000US16",,,"16","Idaho",1893296,693821,73311,33569,17429,1158,7678,4815,3778,16140,3458,488,1835,932,203,12682,1197,8210,2476,799,39742,16838,2941,3717,5259,4921,22904,4439,2633,7387,8445,620510,442612,365315,8295,127886,137813,91321,77297,29802,2093,13084,10476,4149,47495,1703,18689,17207,9896,177898,90071,6070,29256,28851,25894,87827,5968,16449,24460,40950,74636,"Idaho",-555555555,2298,2090,1069,1001,335,726,608,416,946,528,220,435,214,89,776,291,684,398,174,1567,969,436,467,641,461,1314,658,440,693,682,2944,3787,3689,903,1983,2316,1547,2416,1496,545,1129,750,555,1935,441,1179,1039,749,3360,2327,674,1514,1433,1099,2208,656,1173,1184,1473,877
"G170","2019-2023","IL",,,"Illinois","17",,,,,,,,,,,,,,,,".",".",,,,,,,,,,,,"0400000US17",,,"17","Illinois",12692653,5001904,605458,255492,88932,1620,33513,30989,22810,166560,28900,2542,13211,10220,2927,137660,9598,83862,33108,11092,349966,150594,20658,36028,57500,36408,199372,25710,31622,62106,79934,4396446,2876760,2199694,14848,719542,944195,521109,677066,214508,12180,89155,82634,30539,462558,11178,171296,183863,96221,1519686,729900,41766,281413,221300,185421,789786,38564,203746,201782,345694,81702,"Illinois",-555555555,7673,6166,4402,2044,303,1437,1041,1133,3386,1295,417,966,945,435,3083,1057,2750,1503,900,4410,3134,1415,2150,2025,1494,3778,1448,1619,2235,2422,11249,10309,11885,1054,7051,6690,3246,6993,3856,909,2642,2446,1140,6319,1044,3915,3312,2400,8887,6146,1926,3923,3585,3307,7419,1827,4043,4027,4628,363
"G180","2019-2023","IN",,,"Indiana","18",,,,,,,,,,,,,,,,".",".",,,,,,,,,,,,"0400000US18",,,"18","Indiana",6811752,2681537,329134,143434,46935,1750,20098,14667,10420,96499,17277,1663,7896,6221,1497,79222,8300,48917,17004,5001,185700,77694,15138,18660,27784,16112,108006,18003,15598,37184,37221,2352403,1564033,1224825,16500,413768,501200,293357,339208,117914,7307,51219,42693,16695,221294,7547,92246,78339,43162,788370,391581,28381,134309,129199,99692,396789,25568,77274,112776,181171,70051,"Indiana",-555555555,6532,4269,2678,1525,353,1230,885,579,2431,1086,374,747,680,298,2100,837,1989,1089,537,3513,2487,1118,1227,1586,913,2783,1273,1195,1826,1633,7691,6895,7802,1124,5105,4835,2608,4910,3250,759,1985,1907,959,3781,907,2493,2536,1459,5284,4086,1294,3078,3101,2356,4127,1479,2094,2715,3013,293
"G190","2019-2023","IA",,,"Iowa","19",,,,,,,,,,,,,,,,".",".",,,,,,,,,,,,"0400000US19",,,"19","Iowa",3195937,1303763,147100,55842,20158,677,7993,6446,5042,35684,6873,816,3655,2096,306,28811,3303,18866,5284,1358,91258,38151,8897,7960,12999,8295,53107,11965,7384,14068,19690,1156663,750886,613872,8404,202533,243371,159564,137014,48404,2965,23377,17056,5006,88610,4604,40002,30418,13586,405777,207517,20948,71502,63261,51806,198260,16333,37182,51098,93647,73147,"Iowa",-555555555,3538,2697,1679,824,208,558,551,380,1463,557,208,424,329,99,1328,531,1097,524,247,2468,1497,685,663,884,588,1878,848,685,866,1113,4350,4095,4693,700,3138,2393,1716,2399,1340,445,1092,900,402,2106,548,1473,996,726,3941,2938,1013,1871,1855,1349,2923,1085,1268,1458,1978,438
"G200","2019-2023","KS",,,"Kansas","20",,,,,,,,,,,,,,,,".",".",,,,,,,,,,,,"0400000US20",,,"20","Kansas",2937569,1160715,136227,57001,22579,1313,9391,6697,5178,34422,5909,696,3316,1420,477,28513,3943,17292,5364,1914,79226,35164,8563,7792,11770,7039,44062,10289,5847,12375,15551,1024488,682614,551045,10238,190988,216241,133578,131569,45876,3138,20661,16199,5878,85693,3734,36222,30591,15146,341874,169770,16837,56429,53093,43411,172104,13143,33144,43176,82641,72639,"Kansas",-555555555,3961,2752,1778,1091,288,624,698,635,1550,642,220,487,274,168,1384,515,950,663,370,2187,1324,740,660,893,494,1793,794,652,828,881,4653,4372,4126,883,2227,2482,1885,2791,1860,521,1137,1088,498,2367,518,1598,1387,842,3069,2645,1119,1577,1539,1669,2435,900,1342,1306,2144,453
"G210","2019-2023","KY",,,"Kentucky","21",,,,,,,,,,,,,,,,".",".",,,,,,,,,,,,"0400000US21",,,"21","Kentucky",4510725,1791991,294236,136096,51544,2198,19992,18720,10634,84552,15457,1255,6972,5729,1501,69095,7435,38375,17488,5797,158140,65805,7547,13760,27578,16920,92335,11346,9785,34336,36868,1497755,1013733,789762,13070,261075,322424,193193,223971,76615,4761,30657,28668,12529,147356,4266,55025,55639,32426,484022,239311,16712,79091,77829,65679,244711,13667,44783,70704,115557,62417,"Kentucky",-555555555,5353,3866,2679,1524,448,1064,889,778,2412,809,311,580,544,256,2252,782,1619,1103,484,3074,2176,731,941,1438,1020,2322,1037,803,1467,1379,7080,5424,5921,945,3671,3203,2183,3383,2072,560,1561,1397,853,2690,613,1774,1858,1246,4701,3444,1099,2270,1856,1640,3565,1026,1459,1742,2276,401
"G220","2019-2023","LA",,,"Louisiana","22",,,,,,,,,,,,,,,,".",".",,,,,,,,,,,,"0400000US22",,,"22","Louisiana",4621025,1783168,336693,159527,44050,1111,16865,15108,10966,115477,17787,2096,7895,5784,2012,97690,7845,60630,21605,7610,177166,73767,7511,16571,30169,19516,103399,11622,14298,36821,40658,1446475,967767,709355,7708,236660,288223,176764,258412,76637,4194,32366,26996,13081,181775,4148,68538,67834,41255,478708,235180,14685,82528,75232,62735,243528,9670,51949,71279,110630,60023,"Louisiana",-555555555,5717,4658,3900,1886,325,1181,1090,958,3124,1378,527,999,780,334,2904,1024,2226,1437,713,3624,2311,834,1354,1598,1197,2756,1021,1090,1729,1600,7004,8033,7424,761,4332,3623,2459,4334,2546,730,1770,1392,977,3575,545,2136,2381,1396,5990,4362,1247,2895,2459,2176,4298,839,1859,2175,2588,491
"G230","2019-2023","ME",,,"Maine","23",,,,,,,,,,,,,,,,".",".",,,,,,,,,,,,"0400000US23",,,"23","Maine",1377400,589085,67452,23318,9241,217,2691,3541,2792,14077,2803,78,1297,1311,117,11274,662,7069,2860,683,44134,18168,1364,3389,8605,4810,25966,1883,3397,8860,11826,521633,334100,273485,1760,77522,112230,81973,60615,20418,654,8563,8236,2965,40197,873,14582,16354,8388,187533,88261,4269,25638,30603,27751,99272,4148,18932,28457,47735,71773,"Maine",-555555555,2383,1643,1016,696,164,360,477,275,923,322,58,247,245,65,863,194,662,495,152,1606,1055,270,444,734,505,1228,386,494,682,729,2855,3173,3435,351,1803,1815,1278,1562,1049,196,746,683,330,1497,230,885,994,612,3249,2323,537,1305,1396,1151,2158,470,1156,1160,1380,660
"G240","2019-2023","MD",,,"Maryland","24",,,,,,,,,,,,,,,,".",".",,,,,,,,,,,,"0400000US24",,,"24","Maryland",6170738,2339510,224464,96111,34263,448,12385,11861,9569,61848,10275,537,4660,3970,1108,51573,3397,29508,13814,4854,128353,49251,5533,10376,19286,14056,79102,7797,11039,24976,35290,2115046,1432987,1054852,6254,339007,466201,243390,378135,108430,4239,43890,43815,16486,269705,4272,96933,114081,54419,682059,305389,12830,111961,101726,78872,376670,13829,96970,112061,153810,101652,"Maryland",-555555555,4595,4648,2928,1800,184,894,1014,763,2230,894,180,631,571,258,1912,607,1524,1030,523,3236,1987,589,925,1193,1037,2458,815,991,1393,1540,6666,6707,7700,571,4238,4505,2488,4596,3262,594,2336,1757,890,3644,580,2531,2822,1993,6232,4144,1167,3118,2353,2086,4418,1107,2845,2705,2763,518
"G250","2019-2023","MA",,,"Massachusetts","25",,,,,,,,,,,,,,,,".",".",,,,,,,,,,,,"0400000US25",,,"25","Massachusetts",6992395,2762070,302410,114026,38542,574,12298,12890,12780,75484,13396,895,6344,5024,1133,62088,2638,38010,17392,4048,188384,75127,8988,16117,28157,21865,113257,10900,16561,33296,52500,2459660,1614108,1237408,4059,382890,549994,300465,376700,113954,4950,46096,45098,17810,262746,4609,90537,115829,51771,845552,385840,17443,147679,119548,101170,459712,21501,126765,118085,193361,101341,"Massachusetts",-555555555,5223,4646,2923,1803,244,1169,984,735,2218,1047,300,874,732,233,2046,480,1821,1133,526,3538,2417,829,928,1451,1247,2572,836,1245,1529,2078,6820,7720,8866,591,4614,4910,3096,5335,2800,655,2007,1697,978,4310,563,2466,3007,1831,6507,4376,1098,3330,2591,2307,5107,1299,2833,2570,3748,539
"G260","2019-2023","MI",,,"Michigan","26",,,,,,,,,,,,,,,,".",".",,,,,,,,,,,,"0400000US26",,,"26","Michigan",10051595,4040168,525812,221941,78861,1939,29938,27706,19278,143080,25509,2403,11869,9144,2093,117571,9412,72657,27401,8101,303871,132950,18763,29992,54184,30011,170921,22461,24414,57869,66177,3514356,2312911,1789885,14793,541921,752426,480745,523026,172876,8433,70003,67736,26704,350150,8400,125918,138153,77679,1201445,589282,36666,196309,191391,164916,612163,33961,119172,168726,290304,71149,"Michigan",-555555555,8515,5701,3761,1833,622,1281,1081,850,3149,1374,425,917,806,243,2933,964,2280,1451,604,4340,2659,1173,1567,1968,1131,3290,1273,1295,1913,2052,10338,8732,10288,1094,5785,6150,3268,5418,3417,818,2298,1986,1173,4098,745,2691,2300,1807,7479,5360,1362,3301,3101,3085,5263,1395,2736,2681,3889,286
"G270","2019-2023","MN",,,"Minnesota","27",,,,,,,,,,,,,,,,".",".",,,,,,,,,,,,"0400000US27",,,"27","Minnesota",5713716,2282967,215597,78258,29098,569,10584,9471,8474,49160,9621,1100,4293,3487,741,39539,3209,26029,7756,2545,137339,59607,9863,13209,21157,15378,77732,13564,10159,21503,32506,2067370,1353269,1096390,8373,372460,449265,266292,256879,93159,5527,44311,34067,9254,163720,6507,71665,61057,24491,714101,352766,27252,129476,108438,87600,361335,23826,85661,94740,157108,87556,"Minnesota",-555555555,5281,3068,2109,1343,208,830,692,593,1499,693,210,524,413,147,1448,530,1275,742,433,2161,1771,791,808,1086,792,1703,685,821,1138,1265,6294,5510,6289,663,4108,3096,1708,4151,2344,686,1640,1189,604,3143,764,2105,1659,882,5448,3394,1105,2013,2171,1854,4237,1276,2229,1925,2935,396
"G280","2019-2023","MS",,,"Mississippi","28",,,,,,,,,,,,,,,,".",".",,,,,,,,,,,,"0400000US28",,,"28","Mississippi",2951438,1131760,217755,105525,29498,993,11077,10145,7283,76027,10298,743,4427,3891,1237,65729,4435,40181,15215,5898,112230,45973,5081,9977,18918,11997,66257,5738,8470,24992,27057,914005,634775,466773,6494,148951,192437,118891,168002,43378,1990,16724,16774,7890,124624,3217,46404,46612,28391,279230,137434,7960,43074,46138,40262,141796,5776,24023,42843,69154,54915,"Mississippi",-555555555,5057,4068,2718,1508,271,1002,820,697,2327,1002,249,637,655,261,2332,543,1860,944,584,2937,1983,668,1017,1397,873,2269,698,777,1234,1414,6715,7144,6699,657,3910,3424,2058,3459,1987,423,1172,1198,605,2551,525,1846,1753,1246,4433,3224,944,1841,1680,1463,2733,765,1373,1593,1763,586
"G290","2019-2023","MO",,,"Missouri","29",,,,,,,,,,,,,,,,".",".",,,,,,,,,,,,"0400000US29",,,"29","Missouri",6168181,2484834,320580,129737,48046,1336,18427,16477,11806,81691,14565,1514,7316,4444,1291,67126,6032,41378,14237,5479,190843,80082,12001,17398,31809,18874,110761,15865,15096,36672,43128,2164254,1422176,1116142,16829,374912,442580,281821,306034,99097,5498,44127,35587,13885,206937,5716,84110,75901,41210,742078,356754,25201,123073,115527,92953,385324,24630,81690,105994,173010,68920,"Missouri",-555555555,6166,4341,2536,1568,304,990,972,710,2353,1190,386,792,547,199,2289,804,1759,907,587,3372,2264,880,1149,1688,940,2667,998,1177,1439,1287,7723,7071,7393,1254,4979,3804,2377,3950,2771,722,2029,1586,889,3099,701,2568,1824,1261,5664,4157,1209,2410,2268,2337,4361,1384,2567,2852,3025,368
"G300","2019-2023","MT",,,"Montana","30",,,,,,,,,,,,,,,,".",".",,,,,,,,,,,,"0400000US30",,,"30","Montana",1105072,452683,54106,19391,8436,144,3085,3002,2205,10955,2755,311,1463,738,243,8200,575,4777,2134,714,34715,16309,3214,3175,5106,4814,18406,3362,2768,4611,7665,398577,255487,211171,2668,68169,79678,60656,44316,16978,1312,7074,6094,2498,27338,880,11079,9460,5919,143090,73547,4891,24931,22178,21547,69543,5035,14284,19358,30866,69922,"Montana",-555555555,1926,1517,1011,570,65,381,378,301,854,377,145,332,141,88,718,218,463,384,148,1231,918,490,483,504,470,923,428,415,534,599,2164,2589,2547,415,1510,1375,973,1634,1022,339,694,593,344,1168,215,933,670,508,2426,1686,541,1172,1031,807,1694,620,774,1038,1124,768
"G310","2019-2023","NE",,,"Nebraska","31",,,,,,,,,,,,,,,,".",".",,,,,,,,,,,,"0400000US31",,,"31","Nebraska",1965926,786885,87271,32975,12839,490,5400,3869,3080,20136,3646,386,1713,1267,280,16490,2200,10039,3178,1073,54296,22770,4573,5040,8089,5068,31526,6898,4415,7922,12291,699614,462581,373739,5583,133331,146145,88680,88842,31223,2193,15063,10857,3110,57619,2674,25449,20840,8656,237033,120530,12821,42601,35881,29227,116503,10251,24979,29105,52168,74985,"Nebraska",-555555555,2232,2229,1337,799,151,657,416,338,989,506,138,364,265,128,824,392,719,485,202,1703,1228,557,677,725,473,1163,613,506,600,720,2850,3232,3128,553,1847,1908,1160,1859,1297,397,917,696,342,1368,378,1093,1034,554,2967,1985,858,1376,1194,982,2179,765,1090,1187,1300,575
"G320","2019-2023","NV",,,"Nevada","32",,,,,,,,,,,,,,,,".",".",,,,,,,,,,,,"0400000US32",,,"32","Nevada",3141000,1183393,146094,68370,26939,419,11258,8977,6285,41431,8137,448,4158,2599,932,33294,2017,19623,9010,2644,77724,35084,2672,9660,12244,10508,42640,4006,8945,13541,16148,1037299,688000,495993,4885,162135,202077,126896,192007,69838,4255,31000,25378,9205,122169,3614,51675,44923,21957,349299,188574,8216,65744,62920,51694,160725,7557,41413,46413,65342,75561,"Nevada",-555555555,3022,3506,2322,1413,140,999,688,610,1716,865,209,637,459,305,1602,347,1160,915,418,2512,1443,507,810,900,856,1747,503,982,1098,1012,4282,5202,4810,567,3016,2938,1902,3134,2307,467,1600,1350,645,2371,455,1933,1464,990,4411,3225,781,2229,1814,1611,2658,723,1625,1537,1650,714
"G330","2019-2023","NH",,,"New Hampshire","33",,,,,,,,,,,,,,,,".",".",,,,,,,,,,,,"0400000US33",,,"33","New Hampshire",1387834,551186,42771,15667,6120,141,1505,2126,2348,9547,2307,123,1001,874,309,7240,203,4298,2129,610,27104,10638,1182,2225,4048,3183,16466,1243,2066,5361,7796,508415,341780,279910,1342,78615,125291,74662,61870,22014,682,8281,9955,3096,39856,739,13850,17564,7703,166635,80735,3264,26085,27556,23830,85900,4339,17245,24636,39680,95628,"New Hampshire",-555555555,2292,1500,1033,647,92,319,388,342,823,331,84,252,235,136,731,90,478,431,202,1314,905,252,394,471,429,1193,308,420,693,722,2715,2989,2779,311,1747,1893,1247,1995,1086,213,686,750,377,1536,237,1013,1082,634,2222,1789,430,1087,1207,1011,1853,586,1014,1151,1319,1073
"G340","2019-2023","NJ",,,"New Jersey","34",,,,,,,,,,,,,,,,".",".",,,,,,,,,,,,"0400000US34",,,"34","New Jersey",9267014,3478355,350186,164334,60663,1419,21847,21569,15828,103671,17050,1371,8401,5105,2173,86621,3184,50808,25735,6894,185852,70333,4920,15703,26161,23549,115519,6183,14209,36170,58957,3128169,2195654,1679156,6314,520998,763289,388555,516498,157222,7266,62557,63969,23430,359276,7848,114177,160118,77133,932515,428648,12421,153594,145485,117148,503867,11234,114500,137831,240302,101050,"New Jersey",-555555555,4714,5029,3756,2176,524,1322,1203,1010,3032,1311,435,939,636,366,2629,638,2275,1501,707,3487,2308,664,1230,1586,1442,2681,868,1339,1585,1884,6648,7673,9331,949,5272,5844,3682,6017,3586,999,2343,2403,1081,4672,857,2823,3070,2081,6409,4899,1031,3334,3504,2863,5097,1072,2766,2880,3145,527
"G350","2019-2023","NM",,,"New Mexico","35",,,,,,,,,,,,,,,,".",".",,,,,,,,,,,,"0400000US35",,,"35","New Mexico",2114768,825021,143915,69601,25632,1255,9357,8654,6366,43969,10231,990,4972,3097,1172,33738,2607,19496,8064,3571,74314,32861,2902,7416,12733,9810,41453,4778,5499,13497,17679,681106,436903,315960,4509,93745,122392,95314,120943,40649,2508,18435,13306,6400,80294,2354,30932,28995,18013,244203,122606,6823,38251,39777,37755,121597,4486,22855,35575,58681,62125,"New Mexico",-555555555,3033,3183,2379,1398,488,747,867,737,1815,999,305,677,520,318,1572,586,1286,659,407,2707,1836,516,921,1101,888,1911,581,658,1211,1030,4344,4140,4096,619,2120,2548,1595,2990,1984,537,1265,1050,592,2400,419,1595,1472,1098,3540,2662,846,1684,1473,1561,2893,554,1424,1664,1603,608
"G360","2019-2023","NY",,,"New York","36",,,,,,,,,,,,,,,,".",".",,,,,,,,,,,,"0400000US36",,,"36","New York",19872319,7668956,1054867,463103,174441,5403,61666,62027,45345,288662,49990,3622,22412,18659,5297,238672,9673,131633,72707,24659,591764,241034,21924,53660,93970,71480,350730,28576,50653,104596,166905,6614089,4276072,3115697,19185,941281,1374496,780735,1160375,342292,15671,131732,138485,56404,818083,15463,255198,361017,186405,2338017,1085476,42754,412123,345021,285578,1252541,44390,346435,331279,530437,84578,"New York",-555555555,12766,8853,7006,3688,612,2499,2280,1846,5750,2043,561,1566,1137,568,5162,980,3652,2523,1329,6262,4795,1387,2327,3155,2250,5561,1401,2107,2824,3873,17352,16087,16902,1096,9112,8978,4983,8200,4761,1318,3237,3348,1819,7075,1149,4012,4577,3649,11105,7662,1763,4971,5653,3918,9293,1899,4655,4229,6347,372
"G370","2019-2023","NC",,,"North Carolina","37",,,,,,,,,,,,,,,,".",".",,,,,,,,,,,,"0400000US37",,,"37","North Carolina",10584340,4186924,545776,252513,88276,2497,33877,30879,21023,164237,26317,2986,11979,8761,2591,137920,9986,81774,34356,11804,293263,119773,17113,26591,45757,30312,173490,22478,23847,55490,71675,3641148,2446557,1896207,29090,609758,778904,478455,550350,161250,9689,68464,60553,22544,389100,10225,146331,155213,77331,1194591,548709,32528,199011,180335,136835,645882,34052,152677,186201,272952,69904,"North Carolina",-555555555,10494,6269,4154,2378,422,1710,1283,996,3475,1459,565,1103,846,545,3157,1062,2704,1604,802,5084,3327,1328,1577,2033,1408,4031,1309,1337,2081,2358,12489,12207,11699,1433,6840,6438,3265,5739,3953,1016,2870,2258,1136,4395,1059,3255,2892,1998,8918,6232,1718,4125,3260,3018,6177,1775,3580,3519,4155,346
"G380","2019-2023","ND",,,"North Dakota","38",,,,,,,,,,,,,,,,".",".",,,,,,,,,,,,"0400000US38",,,"38","North Dakota",779361,325079,36546,11646,5015,376,1862,1605,1172,6631,1156,99,619,384,54,5475,570,3373,1140,392,24900,11352,2809,2639,3584,2320,13548,4153,1741,2729,4925,288533,176649,146306,3292,54067,54214,34733,30343,12222,837,6778,3682,925,18121,912,8932,5906,2371,111884,62264,7841,25447,16236,12740,49620,5364,11956,11561,20739,75949,"North Dakota",-555555555,1663,1463,845,533,279,292,329,184,702,210,57,169,152,27,658,173,508,267,147,1096,819,525,389,517,335,755,518,301,410,415,2315,1973,1993,504,1273,1098,739,1333,1044,260,845,478,167,972,254,719,491,294,2472,1844,773,1225,826,742,1408,675,904,722,854,1002
"G390","2019-2023","OH",,,"Ohio","39",,,,,,,,,,,,,,,,".",".",,,,,,,,,,,,"0400000US39",,,"39","Ohio",11780046,4829571,641589,274066,79659,1720,31579,27868,18492,194407,29785,2585,14181,10108,2911,164622,17117,102514,34024,10967,367523,155471,19445,35155,63410,37461,212052,25470,29020,75383,82179,4187982,2697219,2078906,20172,668968,856252,533514,618313,201994,10126,87388,75186,29294,416319,12673,162304,155265,86077,1490763,725578,44551,241087,240848,199092,765185,42781,154766,215869,351769,69680,"Ohio",-555555555,8204,6614,4598,2278,340,1346,1346,968,3886,1418,483,1163,802,369,3494,1226,2949,1425,728,4646,2992,1160,1652,1857,1342,3772,1275,1597,2330,2387,11236,10033,11883,1261,7284,6052,3325,6720,3257,847,2303,2312,1235,5034,863,3760,3198,1980,8066,5254,1669,3402,3953,3438,6012,1789,2797,3375,4937,287
"G400","2019-2023","OK",,,"Oklahoma","40",,,,,,,,,,,,,,,,".",".",,,,,,,,,,,,"0400000US40",,,"40","Oklahoma",3995260,1542780,231937,110920,42335,1775,17697,14666,8197,68585,13004,1452,6248,3825,1479,55581,5858,33805,11110,4808,121017,53206,9532,11735,20366,11573,67811,10971,11076,22919,22845,1310843,885478,685146,14559,243602,262804,164181,200332,69218,4787,31285,23718,9428,131114,5037,51963,45194,28920,425365,209699,18221,70689,65259,55530,215666,12169,39912,57973,105612,63603,"Oklahoma",-555555555,3468,2715,2124,1387,323,763,674,761,1781,793,271,412,372,246,1520,567,1326,611,437,2180,1541,952,781,874,748,1489,838,789,922,1004,3882,4315,4163,950,2551,2233,1967,3199,1851,453,1292,1039,605,2616,564,1632,1527,1115,3641,2777,1163,1825,1526,1449,2500,801,1107,1408,1947,419
"G410","2019-2023","OR",,,"Oregon","41",,,,,,,,,,,,,,,,".",".",,,,,,,,,,,,"0400000US41",,,"41","Oregon",4238714,1701548,199754,76805,30519,863,11303,10239,8114,46286,10188,399,5297,3667,825,36098,2752,21522,9129,2695,122949,53045,7852,12952,19410,12831,69904,11400,11561,21506,25437,1501794,977333,768542,7096,257043,294069,210334,208791,72848,3433,31475,27775,10165,135943,4056,50677,52799,28411,524461,250600,14495,93329,73241,69535,273861,14698,72397,68366,118400,80426,"Oregon",-555555555,3556,3460,2134,1447,319,930,895,667,1643,725,172,504,459,212,1541,557,1170,934,421,2988,1856,753,892,1166,905,2308,1020,942,1357,1261,4892,5584,5997,713,3420,3547,2400,3511,2339,571,1540,1342,767,2751,554,1870,1690,1087,4823,3585,1064,2078,2173,2003,3217,963,1784,2139,2461,573
"G420","2019-2023","PA",,,"Pennsylvania","42",,,,,,,,,,,,,,,,".",".",,,,,,,,,,,,"0400000US42",,,"42","Pennsylvania",12986518,5235339,628209,264862,86449,1902,29426,30906,24215,178413,29701,1924,13901,10796,3080,148712,10530,88851,36502,12829,363347,148590,17690,32650,58104,40146,214757,22096,30707,68749,93205,4607130,3021759,2344177,16100,704980,991396,631701,677582,215714,8063,86070,86785,34796,461868,9261,166865,185173,100569,1585371,756680,35626,255855,245975,219224,828691,34469,181635,216469,396118,76081,"Pennsylvania",-555555555,9438,6296,5167,2412,406,1506,1297,1177,4301,1603,403,1064,863,444,4018,977,3293,1763,1146,4325,2903,1087,1602,2017,1638,3911,1148,1676,2194,2413,12775,11340,12682,1035,7429,6796,3860,7592,4048,844,2573,2300,1386,5929,928,3719,3444,2796,8551,5002,1844,3841,3617,3544,6901,1639,3205,3307,5603,310
"G440","2019-2023","RI",,,"Rhode Island","44",,,,,,,,,,,,,,,,".",".",,,,,,,,,,,,"0400000US44",,,"44","Rhode Island",1095371,436902,52117,18767,5965,94,1721,2071,2079,12802,2412,201,1182,766,263,10390,583,7126,2135,546,33350,13224,1190,3106,5444,3484,20126,2074,2208,6737,9107,384785,250670,186209,561,56588,81169,47891,64461,20103,804,8550,8123,2626,44358,909,16550,18726,8173,134115,62406,2677,22322,20403,17004,71709,2314,17211,19746,32438,86372,"Rhode Island",-555555555,1822,2010,1375,731,74,429,467,426,1063,503,147,343,280,170,917,252,849,462,191,1590,1134,284,599,678,523,1080,446,450,757,702,2782,2746,2733,254,1712,1672,1056,1910,1156,288,896,741,369,1771,318,1155,1191,660,2746,2128,538,1352,1065,851,1993,405,1178,1012,1105,1274
"G450","2019-2023","SC",,,"South Carolina","45",,,,,,,,,,,,,,,,".",".",,,,,,,,,,,,"0400000US45",,,"45","South Carolina",5212774,2070390,293507,136306,45708,1219,14188,18697,11604,90598,14016,1390,6304,4827,1495,76582,6205,45262,17582,7533,157201,65378,8378,12682,25239,19079,91823,9734,13419,30137,38533,1776883,1208975,927639,11127,284686,370557,261269,281336,78582,3804,30664,31658,12456,202754,4618,76270,75579,46287,567908,267203,15297,93385,86970,71551,300705,12693,62710,89007,136295,66818,"South Carolina",-555555555,5976,4949,3589,1970,340,1120,1143,792,2634,1171,382,930,586,289,2419,813,2039,958,723,3483,2116,790,1133,1420,1224,2616,865,1346,1697,1390,6672,7711,8113,849,4539,4659,2606,4161,2481,612,1639,1570,758,3520,626,2783,2430,1645,5268,4003,1234,2622,2759,2028,3953,1110,1930,2373,2725,504
"G460","2019-2023","SD",,,"South Dakota","46",,,,,,,,,,,,,,,,".",".",,,,,,,,,,,,"0400000US46",,,"46","South Dakota",899194,358552,38921,16369,5977,190,2278,1676,1833,10392,2154,146,955,760,293,8238,846,4545,1934,913,22552,9987,1827,2487,3276,2397,12565,2695,1439,3120,5311,319631,204012,167793,2439,57238,64940,43176,36219,15104,729,7037,5381,1957,21115,980,9438,7649,3048,115619,59325,5985,19893,18239,15208,56294,5426,11875,13950,25043,72421,"South Dakota",-555555555,1643,1169,858,605,93,356,264,292,674,308,106,166,214,111,625,196,466,336,183,925,630,363,397,362,341,687,393,307,366,429,1880,1912,1978,397,1163,1258,949,1352,920,209,552,545,292,1034,270,776,549,331,1777,1556,646,1192,880,788,1286,683,709,707,1035,805
"G470","2019-2023","TN",,,"Tennessee","47",,,,,,,,,,,,,,,,".",".",,,,,,,,,,,,"0400000US47",,,"47","Tennessee",6986082,2768743,382900,176288,63280,1960,23492,24147,13681,113008,18997,1591,9098,5960,2348,94011,8022,55701,21537,8751,206612,87532,10591,17541,35269,24131,119080,13888,16695,41628,46869,2385843,1608703,1240527,19263,413605,502503,305156,368176,113026,6825,47880,41176,17145,255150,7985,98602,92692,55871,777140,371690,24401,130025,121050,96214,405450,20715,94802,113813,176120,67097,"Tennessee",-555555555,7134,4338,3352,1998,370,1177,1252,989,2899,1208,350,866,687,338,2740,803,2568,1238,658,3361,2680,1072,1193,1641,1511,2944,974,1230,1696,1665,8631,9016,8965,1077,5402,4967,3040,4349,3063,769,2221,1834,1058,4053,1017,2727,2264,1946,6905,4580,1352,3219,2761,2175,5334,1280,3073,2900,3832,360
"G480","2019-2023","TX",,,"Texas","48",,,,,,,,,,,,,,,,".",".",,,,,,,,,,,,"0400000US48",,,"48","Texas",29640343,10747240,1429402,769750,310390,9789,136401,99998,64202,459360,74286,9696,33073,23101,8416,385074,33532,231777,88836,30929,659652,275926,49090,67340,90123,69373,383726,59642,59570,115788,148726,9317838,6540598,4985445,71508,1869863,2049952,994122,1555153,495735,36147,222341,174200,63047,1059418,37083,423520,403893,194922,2777240,1404502,103106,597193,420460,283743,1372738,91138,393957,389701,497942,76292,"Texas",-555555555,15647,12213,9457,4940,992,3984,3147,2245,7170,2734,784,1778,1437,841,6450,1839,4960,2518,1467,7823,6017,1972,2884,3495,2239,5583,2740,2459,3438,2837,20898,21395,24686,3081,14312,12596,5743,10925,6127,1816,5165,3919,1979,9465,2317,6845,5177,3503,12963,9806,2737,7651,5631,4013,10583,2979,6028,6002,7017,265
"G490","2019-2023","UT",,,"Utah","49",,,,,,,,,,,,,,,,".",".",,,,,,,,,,,,"0400000US49",,,"49","Utah",3331187,1094896,95754,45507,24113,2512,12036,5695,3870,21394,4214,756,2041,1117,300,17180,1738,10300,3936,1206,50247,22504,5757,5897,6181,4669,27743,6711,4478,6615,9939,999142,755753,627781,22124,262542,225476,117639,127972,46904,3939,21858,15346,5761,81068,4433,32667,28449,15519,243389,121989,11608,50867,33640,25874,121400,10574,33680,28825,48321,91750,"Utah",-555555555,2787,2566,1849,1342,355,960,502,405,1183,485,230,384,280,124,1088,348,889,477,224,1682,1123,567,603,577,521,1225,605,607,629,804,3534,4414,5137,1050,3077,2579,1395,3221,1727,558,1295,1010,647,2318,550,1610,1447,725,3534,2359,881,1661,1655,1135,2479,868,1619,1290,1528,634
"G500","2019-2023","VT",,,"Vermont","50",,,,,,,,,,,,,,,,".",".",,,,,,,,,,,,"0400000US50",,,"50","Vermont",645254,269466,28690,9015,3160,0,951,1247,962,5855,1264,12,791,332,129,4591,517,2733,1096,245,19675,8179,1245,1474,3117,2343,11496,1926,1902,3343,4325,240776,150458,122727,622,33863,51657,36585,27731,9576,247,3795,4253,1281,18155,371,6966,7591,3227,90318,42655,2305,12896,14137,13317,47663,2543,9634,12637,22849,78024,"Vermont",-555555555,1559,1099,615,355,24,231,217,180,558,267,21,227,151,47,470,240,348,233,80,926,709,331,285,401,400,703,284,366,404,406,1798,1665,1518,170,1162,943,719,1047,641,116,430,462,184,837,148,629,502,329,1626,1389,429,710,761,763,1052,466,595,690,720,1357
"G510","2019-2023","VA",,,"Virginia","51",,,,,,,,,,,,,,,,".",".",,,,,,,,,,,,"0400000US51",,,"51","Virginia",8657499,3326260,338801,147333,53288,1135,20505,18594,13054,94045,14887,1493,6657,5085,1652,79158,6271,47594,19023,6270,191468,76552,12201,16398,28282,19671,114916,15315,16728,35973,46900,2987459,2018817,1579645,15431,524947,669755,369512,439172,136007,5941,57431,51571,21064,303165,7233,115876,118781,61275,968642,450906,25098,170911,141240,113657,517736,24515,130478,145608,217135,90974,"Virginia",-555555555,8075,5356,3011,1874,280,1380,999,791,2499,977,400,676,553,278,2298,764,1794,1110,532,4038,2607,822,1087,1422,1125,2533,1010,1137,1576,1587,10096,10372,10745,988,5952,5478,2930,4701,3161,777,1954,1953,1053,4275,952,2704,2654,1751,7210,5148,1330,3487,2969,2372,5645,1251,3140,2883,3676,485
"G530","2019-2023","WA",,,"Washington","53",,,,,,,,,,,,,,,,".",".",,,,,,,,,,,,"0400000US53",,,"53","Washington",7740984,3020558,294072,123641,49794,1637,19017,16031,13109,73847,14105,986,7394,4668,1057,59742,4611,37015,14425,3691,170431,74210,11173,17899,26671,18467,96221,13742,16840,28736,36903,2726486,1804529,1442294,17181,521907,568006,335200,362235,130972,6362,59625,48388,16597,231263,7739,90038,89216,44270,921957,467704,29270,197255,132732,108447,454253,27805,125629,115220,185599,94952,"Washington",-555555555,5770,3728,2816,1771,404,1176,1076,887,2367,1137,275,893,640,199,2092,644,1827,981,440,3042,2449,841,1234,1463,1118,2502,1085,1138,1430,1581,7101,8385,9286,1352,5966,4936,2796,5344,3214,750,2072,1932,1124,3869,727,2743,2224,1343,6714,4659,1307,3142,2876,2188,5321,1372,3048,2672,3129,476
"G540","2019-2023","WV",,,"West Virginia","54",,,,,,,,,,,,,,,,".",".",,,,,,,,,,,,"0400000US54",,,"54","West Virginia",1784462,721448,123112,53766,22091,753,7994,8721,4623,31675,6987,634,3161,2446,746,24688,2308,13999,5776,2605,69346,29404,3563,6640,11611,7590,39942,4649,4935,14489,15869,598336,398596,316699,3868,87354,130749,94728,81897,28645,1395,10719,10649,5882,53252,1295,17185,18843,15929,199740,98440,5437,26445,32114,34444,101300,4293,15277,27175,54555,57917,"West Virginia",-555555555,2890,2400,1785,1090,221,715,714,470,1429,755,309,557,407,210,1347,455,988,666,371,1777,1367,509,671,910,579,1221,547,535,867,927,3277,3435,3496,429,2150,2275,1448,2054,1449,295,867,877,554,1760,317,1073,1024,823,3376,2548,691,1160,1647,1182,2079,571,1027,1041,1628,607
"G550","2019-2023","WI",,,"Wisconsin","55",,,,,,,,,,,,,,,,".",".",,,,,,,,,,,,"0400000US55",,,"55","Wisconsin",5892023,2446028,258855,97841,35853,623,12752,11436,11042,61988,11922,1112,6376,3326,1108,50066,4614,31798,10231,3423,161014,71175,13112,15279,26364,16420,89839,17759,12035,26061,33984,2187173,1394560,1120569,10250,345085,468406,296828,273991,99089,4827,45500,37846,10916,174902,6297,75129,64840,28636,792613,396196,31187,137081,129467,98461,396417,27973,84203,103460,180781,75670,"Wisconsin",-555555555,5477,3770,2476,1546,208,813,690,720,2061,899,290,635,432,315,1792,573,1437,744,443,2654,1960,856,881,1325,999,1967,1012,880,1173,1277,7060,6022,7031,694,4042,3710,2904,4079,2659,490,1641,1539,655,3068,708,2079,1740,1164,6605,4035,1522,2472,2430,2193,4488,1281,2172,2137,3720,402
"G560","2019-2023","WY",,,"Wyoming","56",,,,,,,,,,,,,,,,".",".",,,,,,,,,,,,"0400000US56",,,"56","Wyoming",579761,238176,26830,10566,4304,179,1551,1387,1187,6262,1510,129,886,404,91,4752,698,3045,836,173,16264,7200,1558,1395,2466,1781,9064,1881,952,3106,3125,211346,138422,115074,2415,40607,43333,28719,23348,9378,703,4203,3140,1332,13970,494,6155,4676,2645,72924,38741,3046,12008,12515,11172,34183,2403,6288,9132,16360,74815,"Wyoming",-555555555,1220,1434,900,491,79,320,309,209,669,313,90,236,152,78,562,290,444,248,100,1170,803,353,323,421,342,709,338,239,440,415,1840,2034,2014,379,1077,1046,802,1023,733,200,536,404,207,803,178,599,494,362,1837,1464,495,888,911,671,1226,388,639,771,901,1225
"G720","2019-2023","PR",,,"Puerto Rico","72",,,,,,,,,,,,,,,,".",".",,,,,,,,,,,,"0400000US72",,,"72","Puerto Rico",3254885,1239243,539140,304614,113419,964,22113,44416,45926,191195,37273,1518,16377,12133,7245,153922,6560,76814,43811,26737,234526,94356,3121,15655,33933,41647,140170,3855,11148,45859,79308,700103,492360,324986,691,67439,136313,120543,167374,43620,906,14261,16407,12046,123754,761,31416,48101,43476,207743,97021,1348,26419,35507,33747,110722,1244,17359,38166,53953,25096,"Puerto Rico",-555555555,5156,5067,4239,2503,251,1309,1633,1642,3330,1487,321,1093,943,549,3046,553,2427,1542,1140,3222,2226,375,1170,1343,1535,2477,481,903,1470,1786,4847,3950,3587,247,2035,2366,1869,2917,1691,239,1086,958,726,2558,213,1416,1693,1479,3292,2417,286,1485,1297,1322,2356,282,1171,1485,1681,232
